X,Index,AD,AE,AF,AG,AL,AM,AO,AR,AT,AU,AZ,BA,BB,BD,BE,BF,BG,BH,BI,BJ,BN,BO,BR,BS,BT,BW,BY,BZ,CA,CD,CF,CG,CH,CI,CL,CM,CN,CO,CR,CU,CV,CY,CZ,DE,DJ,DK,DM,DO,DZ,EC,EE,EG,ER,ES,ET,FI,FJ,FM,FR,GA,GB,GD,GE,GH,GM,GN,GQ,GR,GT,GW,GY,HK,HN,HR,HT,HU,ID,IE,IL,IN,IQ,IR,IS,IT,JM,JO,JP,KE,KG,KH,KI,KM,KN,KP,KR,KW,KZ,LA,LB,LC,LI,LK,LR,LS,LT,LU,LV,LY,MA,MC,MD,ME,MG,MH,MK,ML,MM,MN,MO,MR,MT,MU,MV,MW,MX,MY,MZ,NA,NE,NG,NI,NL,NO,NP,NR,NZ,OM,PA,PE,PG,PH,PK,PL,PS,PT,PW,PY,QA,RK,RO,RS,RU,RW,SA,SB,SC,SD,SE,SG,SI,SK,SL,SM,SN,SO,SR,SS,ST,SV,SY,SZ,TD,TG,TH,TJ,TL,TM,TN,TO,TR,TT,TV,TW,TZ,UA,UG,US,UY,UZ,VA,VC,VE,VN,VU,WS,YE,ZA,ZM,ZW,Rank
AFG,34,1,1,5,1,1,1,1,1,1,1,1,1,1,1,1,1,1,1,1,1,1,1,1,1,1,1,1,1,1,1,1,1,1,1,1,1,1,1,1,1,1,1,1,1,1,1,1,1,1,1,1,1,1,1,1,1,1,1,1,1,1,1,1,1,1,1,1,1,1,1,1,1,1,1,1,1,1,1,1,1,1,1,1,1,1,1,1,1,1,1,1,1,1,1,1,1,1,1,1,1,1,1,1,1,1,1,1,1,1,1,1,1,1,1,1,1,1,1,1,1,1,1,1,1,1,1,1,1,1,1,1,1,1,1,1,1,1,1,1,1,1,1,1,1,1,1,1,1,1,1,1,1,1,1,1,1,1,1,1,1,1,1,1,1,1,1,1,1,1,1,1,1,1,1,1,1,1,1,1,1,1,1,1,1,1,1,1,1,1,1,1,1,1,1,1,1,1,1,1,91
ALB,114,4,4,1,4,5,4,1,4,4,4,4,4,4,1,4,1,4,4,1,1,4,1,4,4,1,1,4,1,4,1,1,1,4,1,4,1,4,4,4,1,1,4,4,4,1,4,1,1,1,1,4,1,1,4,1,4,1,1,4,1,4,1,4,1,1,1,1,4,4,1,1,4,4,4,1,4,1,4,4,1,1,1,4,4,1,1,4,1,1,1,1,1,4,1,4,4,4,1,1,1,4,1,1,1,4,4,4,1,1,4,4,4,1,1,4,1,1,1,4,1,4,4,1,1,4,4,1,1,1,1,4,4,4,1,1,4,1,4,4,1,1,1,4,1,4,1,4,4,4,4,4,4,1,4,1,4,1,4,4,4,4,1,4,1,1,1,1,1,4,1,1,1,1,4,1,1,1,1,1,4,4,1,4,1,4,1,4,4,1,4,1,4,1,1,1,1,1,1,1,40
DZA,62,1,1,1,1,1,1,1,1,1,1,1,1,1,1,1,1,1,1,1,1,1,1,1,1,1,1,1,1,1,1,1,1,1,1,1,1,1,1,1,1,1,1,1,1,1,1,1,1,5,1,1,1,1,1,1,1,1,1,1,1,1,1,1,1,1,1,1,1,1,1,1,1,1,1,1,1,1,1,1,1,1,1,1,1,1,1,1,1,1,1,1,1,1,1,1,1,1,1,1,1,1,1,1,1,1,1,1,4,4,1,1,1,1,1,1,4,1,1,1,4,1,1,1,1,1,4,1,1,1,1,1,1,1,1,1,1,1,1,1,1,1,1,1,1,1,1,1,1,1,1,1,1,1,1,1,4,1,1,1,1,1,1,1,1,1,1,1,1,1,1,1,1,1,1,1,1,1,4,1,1,1,1,1,1,1,1,1,1,1,1,1,1,1,1,1,1,1,1,1,73
AND,151,5,4,1,4,4,1,1,4,4,4,1,4,4,1,4,1,4,1,1,1,4,1,4,4,1,1,1,1,4,1,1,1,4,1,4,1,1,4,4,1,1,4,4,4,1,4,4,1,1,1,4,1,1,4,1,4,1,4,4,1,4,4,4,1,1,1,1,4,4,1,1,4,4,4,1,4,1,4,4,1,1,1,4,4,1,1,4,1,1,1,4,1,4,1,4,1,1,1,1,4,4,1,1,1,4,4,4,1,1,4,4,4,1,4,4,1,1,1,4,1,4,4,1,1,4,4,1,1,1,1,4,4,4,1,1,4,1,4,4,1,1,1,4,1,4,4,4,1,1,4,4,1,1,1,4,4,1,4,4,4,4,1,4,1,1,1,1,1,4,1,1,1,1,1,1,4,1,1,4,1,4,4,4,1,4,1,4,4,1,4,4,4,1,4,4,1,1,1,1,14
AGO,59,2,2,2,2,2,2,5,2,2,2,2,2,2,2,2,2,2,2,2,2,2,2,2,2,2,4,2,2,2,2,2,2,2,2,2,2,2,2,2,2,2,2,2,2,2,2,2,2,2,2,2,2,2,2,2,2,2,2,2,2,2,2,2,2,2,2,2,2,2,2,2,2,2,2,2,2,2,2,2,2,2,2,2,2,2,2,2,2,2,2,2,2,2,2,2,2,2,2,2,2,2,2,2,2,2,2,2,2,2,2,2,2,2,2,2,2,2,2,2,2,2,4,2,2,2,2,4,4,2,2,2,2,2,2,2,2,2,2,2,2,2,2,2,2,2,2,2,2,2,2,2,2,4,2,2,4,2,2,4,2,2,2,2,2,2,2,2,2,2,2,2,2,2,2,2,2,2,2,2,2,2,2,2,2,2,2,2,2,2,2,2,2,2,2,2,2,4,4,4,75
ATG,135,4,4,3,5,4,4,3,4,4,4,4,3,4,3,4,3,4,3,3,3,4,3,4,4,3,4,4,4,4,3,3,3,4,3,4,3,4,4,3,4,3,4,4,4,3,4,4,3,3,3,4,3,3,4,3,4,4,3,4,3,4,4,4,3,3,3,3,4,3,3,4,4,3,4,3,4,3,4,3,3,3,3,4,4,4,3,4,4,4,3,4,3,4,3,4,3,4,3,3,4,4,3,3,4,4,4,4,3,3,4,4,3,4,4,4,3,3,3,4,3,4,4,4,4,4,4,3,4,3,3,3,4,4,3,4,4,3,4,4,4,3,3,4,3,4,3,3,3,3,4,3,4,3,3,4,4,3,4,4,4,4,3,4,3,3,4,3,3,3,3,4,3,3,3,4,3,4,3,3,4,4,4,4,4,4,4,4,3,4,4,4,4,3,4,4,3,4,4,3,25
ARG,158,4,4,1,1,1,4,1,5,4,4,1,1,4,1,4,1,4,1,1,1,1,4,4,1,1,1,4,1,4,1,1,1,4,1,4,1,1,4,4,1,1,4,4,4,1,4,1,1,1,4,4,1,1,4,1,4,4,1,4,1,4,4,4,1,1,1,1,4,4,1,4,4,4,4,1,4,1,4,4,1,1,1,4,4,4,1,4,1,1,1,1,1,4,1,4,1,4,1,1,4,4,1,1,1,4,4,4,1,1,4,1,4,1,1,4,1,1,1,1,1,4,1,1,1,4,4,1,1,1,1,4,4,4,1,1,4,1,4,4,1,1,1,4,1,4,1,4,4,1,4,4,4,1,1,1,1,1,4,4,4,4,1,4,1,1,4,1,1,4,1,1,1,1,4,1,1,1,1,1,4,4,1,1,1,4,1,4,4,1,4,4,4,1,1,1,1,4,1,1,12
ARM,72,4,4,1,2,4,5,1,4,4,4,1,2,2,1,4,1,4,2,1,1,2,2,4,2,2,1,4,2,2,1,1,1,4,1,2,1,2,2,2,2,1,4,4,4,1,4,2,2,1,2,4,1,1,4,1,4,2,2,4,1,4,2,4,1,1,1,1,4,2,1,2,4,2,4,2,4,2,4,2,2,1,4,4,4,2,2,4,1,4,2,2,1,2,2,4,2,4,2,2,2,4,1,1,1,4,4,4,1,1,4,4,4,1,2,2,1,2,2,4,1,4,1,2,1,2,2,1,1,1,1,2,4,4,1,2,4,2,2,2,2,2,1,4,1,4,2,2,4,1,4,2,4,1,1,2,1,1,4,4,4,4,1,4,1,1,2,1,1,2,1,1,1,1,2,4,2,2,1,2,2,2,2,2,1,4,1,4,4,4,4,2,2,1,2,2,1,2,1,1,64
AUS,164,3,3,3,3,3,3,3,3,3,5,3,3,3,3,3,3,3,3,3,3,3,3,3,3,3,3,3,3,3,3,3,3,3,3,3,3,3,3,3,3,3,3,3,3,3,3,3,3,3,3,3,3,3,3,3,3,3,3,3,3,3,3,3,3,3,3,3,3,3,3,3,3,3,3,3,3,3,3,3,3,3,3,3,3,3,3,3,3,3,3,3,3,3,3,3,3,3,3,3,3,3,3,3,3,3,3,3,3,3,3,3,3,3,3,3,3,3,3,3,3,3,3,3,3,3,3,3,3,3,3,3,3,3,3,3,4,3,3,3,3,3,3,3,3,3,3,3,3,3,3,3,3,3,3,3,3,3,3,3,3,3,3,3,3,3,3,3,3,3,3,3,3,3,3,3,3,3,3,3,3,3,3,3,3,3,3,3,3,3,3,3,3,3,3,3,3,3,3,3,7
AUT,168,4,4,1,4,4,1,1,4,5,4,1,4,4,1,4,1,4,1,1,1,4,1,4,4,1,1,1,1,4,1,1,1,4,1,4,1,1,4,4,1,1,4,4,4,1,4,4,1,1,1,4,1,1,4,1,4,1,4,4,1,4,4,4,1,1,1,1,4,4,1,1,4,4,4,1,4,1,4,4,1,1,1,4,4,1,1,4,1,1,1,4,1,4,1,4,1,1,1,1,4,4,1,1,1,4,4,4,1,1,4,4,4,1,4,4,1,1,1,4,1,4,4,1,1,4,4,1,1,1,1,4,4,4,1,1,4,1,4,4,1,1,1,4,1,4,4,4,1,1,4,4,1,1,1,4,4,1,4,4,4,4,1,4,1,1,1,1,1,4,1,1,1,1,1,1,4,1,1,4,1,4,4,4,1,4,1,4,4,1,4,4,4,1,4,4,1,1,1,1,3
AZE,75,3,2,1,1,3,1,1,3,3,3,5,3,3,1,3,1,3,2,1,1,3,3,3,3,1,1,4,1,3,1,1,1,3,1,3,1,2,3,3,3,1,3,3,3,3,3,1,1,3,3,3,1,1,3,1,3,1,1,3,1,3,1,4,1,1,1,1,3,3,1,1,3,3,3,1,3,2,3,2,3,1,2,3,3,3,3,2,1,4,1,1,1,1,1,2,2,4,1,1,1,3,3,1,1,3,3,3,1,3,3,4,1,1,1,3,1,1,1,3,1,3,3,3,1,3,2,1,1,1,1,1,3,3,3,1,3,2,3,3,1,1,3,3,1,3,1,3,2,1,3,3,4,1,2,1,3,1,3,2,3,3,1,3,1,1,1,1,1,1,1,1,1,1,3,4,1,3,1,1,4,3,1,1,1,4,1,3,1,4,3,1,1,3,1,1,1,3,1,1,61
BHS,142,4,4,1,4,1,4,1,4,4,4,4,4,4,4,4,1,4,4,1,1,4,4,4,5,1,4,1,4,4,1,1,1,4,1,4,1,4,4,4,1,4,4,4,4,1,4,4,1,1,4,4,1,1,4,1,4,4,1,4,1,4,4,4,1,4,1,1,4,4,1,4,4,4,4,1,4,1,4,4,1,1,1,4,4,4,1,4,4,1,1,4,1,4,1,4,4,1,1,1,4,4,4,1,4,4,4,4,1,1,4,4,1,1,4,4,4,1,1,1,1,4,4,4,4,4,4,1,4,1,1,4,4,4,1,4,4,4,4,4,4,1,1,4,1,4,1,4,4,1,4,1,4,1,1,4,4,1,4,4,4,4,4,4,1,1,4,1,4,4,1,4,1,1,1,1,1,1,1,4,4,4,4,1,4,1,4,4,4,1,4,4,4,1,4,4,1,4,4,4,20
BHR,90,2,4,1,3,1,1,1,2,2,2,1,1,3,1,2,1,2,5,1,1,2,2,2,3,1,1,1,1,2,1,1,1,2,3,2,3,2,2,1,3,1,2,2,2,1,2,3,3,1,2,2,3,1,2,1,2,1,1,2,3,2,3,2,3,1,1,1,2,1,1,2,2,1,2,3,2,3,2,1,3,1,1,2,2,3,3,2,3,1,1,1,1,3,1,2,4,2,1,1,3,2,1,1,1,2,2,2,1,3,2,1,1,1,1,1,1,1,1,2,1,2,3,1,1,2,2,3,1,1,1,1,2,2,1,1,2,4,1,2,1,1,3,2,1,2,1,2,3,1,2,1,2,1,4,1,3,1,2,2,2,2,1,2,3,1,2,1,1,1,1,1,1,1,2,1,1,1,1,1,2,3,1,3,1,2,1,2,2,1,2,3,2,1,1,1,1,3,1,1,48
BGD,48,2,2,2,2,2,2,2,2,2,2,2,2,4,5,2,4,2,2,2,2,2,2,1,2,4,4,2,2,2,2,2,2,2,2,2,2,2,2,2,2,2,2,2,2,2,2,2,2,1,2,2,1,2,2,2,2,4,2,2,4,2,4,2,4,4,4,2,2,2,4,2,1,2,2,2,2,1,2,2,1,1,1,2,2,4,1,2,1,2,2,2,2,4,2,2,2,2,2,1,2,2,1,2,4,2,2,2,1,1,2,2,2,2,2,2,2,1,2,2,2,2,1,4,4,1,2,2,2,2,1,2,2,2,2,2,2,2,2,2,4,1,1,2,2,2,2,2,2,2,2,2,2,2,2,2,4,2,2,2,2,2,4,2,2,2,2,2,2,2,2,2,2,2,1,2,2,2,2,4,2,2,2,2,4,2,2,2,2,1,2,2,2,1,2,4,1,1,4,2,84
BRB,147,1,4,1,4,4,4,1,4,4,4,4,1,5,4,4,4,4,4,4,1,4,1,4,4,1,4,4,4,4,1,1,1,4,1,4,4,4,4,4,4,1,4,4,4,1,4,4,1,1,1,4,1,1,4,4,4,4,1,4,1,4,4,4,4,4,1,1,4,4,1,4,4,1,4,1,4,4,4,4,4,1,1,4,4,4,4,4,4,4,1,4,1,4,1,4,1,4,1,1,4,4,4,4,4,4,4,4,1,4,4,4,1,1,1,1,4,1,1,4,4,4,4,4,4,4,4,1,1,1,4,4,4,4,1,1,4,4,4,4,1,4,1,4,1,4,1,1,4,1,4,4,4,4,4,4,4,1,4,4,4,4,4,4,4,1,4,1,1,4,1,4,1,1,4,4,4,4,4,4,4,4,4,1,4,4,4,4,4,4,1,4,4,4,4,4,1,4,4,4,17
BLR,84,4,4,1,4,4,4,1,4,4,4,4,4,4,1,4,1,4,4,1,1,1,1,4,1,1,1,5,1,4,1,1,1,4,1,4,1,4,1,1,4,1,4,4,4,1,4,4,1,1,4,4,1,1,4,1,4,1,4,4,1,4,1,4,1,1,1,1,4,1,1,1,4,1,4,1,4,4,4,4,1,1,1,4,4,1,1,4,1,4,1,1,1,4,4,4,4,4,1,1,1,4,1,1,1,4,4,4,1,1,4,4,4,1,1,4,1,1,4,4,1,4,1,1,1,4,4,1,1,1,1,4,4,4,1,1,4,4,4,4,1,1,1,4,1,4,1,1,4,1,4,4,4,1,4,1,4,1,4,4,4,4,1,4,1,1,1,1,1,4,1,1,1,1,1,4,1,1,1,1,4,1,1,1,1,4,1,4,4,4,4,4,4,1,4,1,1,1,1,1,53
BEL,167,4,4,1,4,4,1,1,4,4,4,1,4,4,1,5,1,4,1,1,1,4,1,4,4,1,1,1,1,4,1,1,1,4,1,4,1,1,4,4,1,1,4,4,4,1,4,4,1,1,1,4,1,1,4,1,4,1,4,4,1,4,4,4,1,1,1,1,4,4,1,1,4,4,4,1,4,1,4,4,1,1,1,4,4,1,1,4,1,1,1,4,1,4,1,4,1,1,1,1,4,4,1,1,1,4,4,4,1,1,4,4,4,1,4,4,1,1,1,4,1,4,4,1,1,4,4,1,1,1,1,4,4,4,1,1,4,1,4,4,1,1,1,4,1,4,4,4,1,1,4,4,1,1,1,4,4,1,4,4,4,4,1,4,1,1,1,1,1,4,1,1,1,1,1,1,4,1,1,4,1,4,4,4,1,4,1,4,4,1,4,4,4,1,4,4,1,1,1,1,4
BLZ,94,4,1,1,4,1,1,1,4,4,4,1,1,4,1,4,1,4,1,1,1,4,4,4,4,1,4,1,5,4,1,1,1,4,1,4,1,1,4,4,1,1,4,4,4,1,4,4,4,1,4,4,1,1,4,1,4,4,4,4,1,4,4,1,4,4,1,1,4,4,1,4,4,4,4,1,4,1,4,4,1,1,1,4,4,4,1,4,1,1,1,4,1,4,1,4,1,1,1,1,4,1,1,1,4,4,4,4,1,4,4,1,1,1,4,1,1,1,1,1,1,4,4,4,4,4,4,1,4,1,1,4,4,4,1,1,4,1,4,4,4,1,1,4,1,4,4,4,1,1,4,1,1,1,1,4,4,1,4,4,4,4,4,1,1,1,4,1,1,4,1,4,1,1,1,1,1,1,4,4,4,4,4,4,4,1,4,4,4,1,4,4,4,1,4,4,1,4,4,4,45
BEN,65,3,3,3,3,3,3,4,3,3,3,3,3,3,3,3,4,3,3,4,5,3,3,3,3,3,4,3,3,3,4,4,4,3,4,3,4,3,3,3,3,4,3,3,3,4,3,3,3,4,3,3,4,4,3,4,3,3,3,3,4,3,3,3,4,4,4,4,3,3,4,3,4,3,3,4,3,3,3,3,3,3,3,3,3,3,3,3,4,3,3,3,4,3,3,3,3,3,3,3,3,3,3,4,4,3,3,3,4,4,3,3,3,4,3,3,4,3,3,3,4,3,4,3,4,3,3,4,4,4,4,3,3,3,3,3,3,3,3,3,3,3,3,3,3,3,3,3,3,3,3,3,3,4,3,3,4,4,3,3,3,3,4,3,4,4,3,4,4,3,3,4,4,4,3,3,3,3,4,3,3,3,3,3,4,3,4,3,3,3,3,3,3,3,3,3,3,4,4,4,70
BTN,65,1,1,1,1,1,1,1,1,1,1,1,1,1,4,1,1,1,1,1,1,1,1,1,1,5,1,1,1,1,1,1,1,1,1,1,1,1,1,1,1,1,1,1,1,1,1,1,1,1,1,1,1,1,1,1,1,1,1,1,1,1,1,1,1,1,1,1,1,1,1,1,1,1,1,1,1,1,1,1,4,1,1,1,1,1,1,1,1,1,1,1,1,1,1,1,1,1,1,1,1,1,1,1,1,1,1,1,1,1,1,1,1,1,1,1,1,1,1,1,1,1,1,4,1,1,1,1,1,1,1,1,1,1,1,1,1,1,1,1,1,1,1,1,1,1,1,1,1,1,1,1,1,1,1,1,1,1,1,1,1,1,1,1,1,1,1,1,1,1,1,1,1,1,1,1,1,1,1,1,1,1,1,1,1,1,1,1,1,1,1,1,1,1,1,1,1,1,1,1,70
BOL,83,4,2,2,2,2,2,2,4,4,4,2,2,2,2,4,2,2,2,2,2,2,5,4,2,2,2,2,2,4,2,2,2,4,2,4,2,2,4,4,2,2,2,4,4,2,4,2,2,2,4,4,2,2,4,2,4,2,2,4,2,4,2,2,2,2,2,2,4,2,2,2,2,2,4,2,4,2,4,2,2,2,2,4,4,2,2,4,2,2,2,2,2,2,2,2,2,2,2,2,2,4,2,2,2,4,4,4,2,2,4,2,2,2,2,2,2,2,2,2,2,2,2,2,2,4,2,2,2,2,2,2,4,4,2,2,4,2,4,4,2,4,2,4,4,4,2,4,2,2,2,2,4,2,2,2,2,2,4,2,4,4,2,2,2,2,2,2,2,4,2,2,2,2,2,2,2,2,2,2,4,2,2,2,2,2,2,2,4,2,4,2,4,2,2,2,2,2,2,2,54
BIH,117,4,4,1,4,4,1,1,4,4,4,4,5,4,1,4,1,4,4,1,1,4,1,4,4,1,1,1,1,4,1,1,1,4,1,4,1,4,4,4,1,1,4,4,4,1,4,4,1,1,1,4,1,1,4,1,4,1,4,4,1,4,4,4,1,1,1,1,4,4,1,1,4,4,4,1,4,1,4,4,1,1,1,4,4,1,1,4,1,1,1,4,1,4,1,4,4,1,1,1,4,4,1,1,1,4,4,4,1,1,4,4,4,1,4,4,1,1,1,4,1,4,4,1,1,4,4,1,1,1,1,4,4,4,1,1,4,4,4,4,1,1,1,4,1,4,4,4,4,1,4,4,4,1,1,4,4,1,4,4,4,4,1,4,1,1,1,1,1,4,1,1,1,1,1,1,4,1,1,4,4,4,4,4,1,4,1,4,4,1,4,4,4,1,4,4,1,1,1,1,38
BWA,82,1,4,1,4,1,1,4,4,4,4,1,1,4,1,4,1,4,4,1,1,4,1,4,4,1,5,1,4,4,1,1,1,4,1,4,1,1,1,4,4,1,4,4,4,1,4,4,4,1,1,4,1,1,4,1,4,1,1,4,1,4,4,1,1,4,1,1,4,1,1,4,4,1,4,1,4,1,4,4,1,1,1,4,4,4,1,4,4,1,1,4,1,4,1,4,4,1,1,1,4,4,1,1,4,4,4,4,1,1,4,1,1,1,1,1,1,1,1,1,1,4,4,4,4,4,4,4,4,1,1,1,4,4,1,4,4,4,1,4,4,1,1,4,1,4,1,4,4,1,4,1,4,1,4,4,4,1,4,4,4,4,4,4,1,1,1,4,1,1,1,4,1,1,1,1,1,1,1,4,4,4,4,1,4,1,4,4,4,1,4,4,4,1,4,4,1,4,4,4,55
BRA,159,4,4,1,4,4,4,1,4,4,4,1,4,4,1,4,1,4,1,1,1,1,4,5,4,1,1,4,4,4,1,1,1,4,1,4,1,1,4,4,1,1,4,4,4,1,4,4,1,1,4,4,1,1,4,1,4,4,1,4,1,4,4,4,1,1,1,1,4,4,1,4,4,4,4,1,4,4,4,4,1,1,1,4,4,4,1,4,1,1,1,1,1,4,1,4,1,4,1,1,1,4,1,1,1,4,4,4,1,4,4,1,4,1,1,4,1,1,4,4,1,4,1,1,1,4,4,1,4,1,1,4,4,4,1,1,4,1,4,4,1,4,1,4,1,4,1,4,1,1,4,4,4,1,1,1,4,1,4,4,4,4,1,4,1,1,4,1,1,4,1,1,1,1,4,1,1,1,4,1,4,4,1,1,1,4,1,4,4,1,4,4,4,1,1,1,1,4,1,1,11
BRN,149,1,4,1,1,1,1,1,1,4,2,1,1,1,1,4,1,4,2,1,1,5,1,1,1,1,1,1,1,4,1,1,1,4,1,1,1,2,1,4,1,1,4,4,4,1,4,1,1,1,1,4,1,1,4,1,4,1,1,4,1,4,1,1,1,1,1,1,4,1,1,1,4,1,4,1,4,4,4,1,1,1,1,4,4,1,1,4,1,1,4,1,1,1,1,4,2,1,4,1,1,4,1,1,1,4,4,4,1,1,1,1,1,1,1,1,1,4,1,4,1,4,1,4,1,1,4,1,1,1,1,1,4,4,1,1,4,4,1,4,1,4,1,4,1,4,1,1,2,1,4,1,4,1,2,1,1,1,4,4,4,4,1,1,1,1,1,1,1,1,1,1,1,1,4,1,1,1,1,1,4,1,1,2,1,4,1,4,1,1,1,1,1,4,1,1,1,1,1,1,15
BGR,162,4,4,1,4,4,1,1,4,4,4,1,4,4,1,4,1,5,1,1,1,4,1,4,4,1,1,1,1,4,1,1,1,4,1,4,1,1,4,4,1,1,4,4,4,1,4,4,1,1,1,4,1,1,4,1,4,1,4,4,1,4,4,4,1,1,1,1,4,4,1,1,4,4,4,1,4,1,4,4,1,1,1,4,4,1,1,4,1,1,1,4,1,4,1,4,1,1,1,1,4,4,1,1,1,4,4,4,1,1,4,4,4,1,4,4,1,1,1,4,1,4,4,1,1,4,4,1,1,1,1,4,4,4,1,1,4,1,4,4,1,1,1,4,1,4,4,4,1,1,4,4,1,1,1,4,4,1,4,4,4,4,1,4,1,1,1,1,1,4,1,1,1,1,1,1,4,1,1,4,1,4,4,4,1,4,1,4,4,1,4,4,4,1,4,4,1,1,1,1,9
BFA,64,1,4,1,1,1,1,1,2,2,2,1,1,1,1,2,5,1,1,1,4,1,1,2,1,1,1,1,1,2,2,4,1,2,4,1,1,1,2,1,2,4,1,2,2,2,2,1,1,1,1,2,2,2,2,1,2,1,1,2,1,2,1,1,4,4,4,1,2,1,4,1,2,1,1,1,2,1,2,1,1,1,1,2,2,1,1,1,2,1,1,1,2,1,1,1,1,1,1,1,1,2,1,4,1,2,2,2,2,1,1,1,1,1,1,1,4,1,1,1,4,2,1,1,1,1,1,1,1,4,4,1,2,2,1,1,2,1,1,1,1,1,1,2,1,2,1,2,1,1,1,1,1,1,1,1,1,1,2,4,2,2,4,1,4,2,1,1,2,1,1,1,2,4,1,1,1,1,2,1,1,1,1,2,1,1,1,2,1,1,1,1,2,1,1,1,1,1,1,1,71
BDI,57,1,3,1,1,1,1,1,1,1,1,1,1,1,1,1,1,1,1,5,1,1,1,1,1,1,1,1,1,1,4,1,1,1,1,1,1,1,1,1,1,1,1,1,1,1,1,1,1,1,1,1,1,1,1,1,1,1,1,1,1,1,1,1,1,1,1,1,1,1,1,1,1,1,1,1,1,1,1,1,1,1,1,1,1,1,1,1,4,1,1,1,1,1,1,1,1,1,1,1,1,1,1,1,1,1,1,1,1,1,1,1,1,1,1,1,1,1,1,1,1,1,1,1,1,1,1,1,1,1,1,1,1,1,1,1,1,1,1,1,1,1,1,1,1,1,1,1,1,1,1,1,1,4,1,1,1,1,1,1,1,1,1,1,1,1,1,4,1,1,1,1,1,1,1,1,1,1,1,1,1,1,1,1,4,1,4,1,1,1,1,1,1,1,1,1,1,1,1,1,77
KHM,65,2,2,2,2,2,2,2,2,2,2,2,2,2,2,2,2,2,2,2,2,4,2,2,2,2,2,2,2,2,2,2,2,2,2,2,3,2,2,2,2,2,2,2,2,2,2,2,2,2,2,2,2,2,2,2,2,2,2,2,2,2,2,2,2,2,2,2,2,2,2,2,2,2,2,2,2,4,2,2,2,2,2,2,2,2,2,2,2,2,5,2,2,2,2,2,2,2,4,2,2,2,2,2,2,2,2,2,2,2,2,2,2,2,2,2,2,2,2,2,2,2,2,2,2,2,4,2,2,2,2,2,2,2,2,2,2,2,2,2,2,4,2,2,3,2,2,2,2,2,2,2,2,2,2,2,2,2,2,4,2,2,2,2,2,2,2,2,2,2,2,2,2,2,4,2,2,2,2,2,2,2,2,2,2,2,2,2,2,2,2,2,2,4,2,2,2,2,2,2,70
CMR,54,1,1,1,1,1,1,1,1,1,1,1,1,1,1,1,1,1,1,1,1,1,1,1,1,1,1,1,1,1,1,4,4,1,1,1,5,1,1,1,1,1,1,1,1,1,1,1,1,1,1,1,1,1,1,1,1,1,1,1,4,1,1,1,1,1,1,4,1,1,1,1,1,1,1,1,1,1,1,1,1,1,1,1,1,1,1,1,1,1,1,1,1,1,1,1,1,1,1,1,1,1,1,1,1,1,1,1,1,1,1,1,1,1,1,1,4,1,1,1,1,1,1,1,1,1,1,1,1,1,4,1,1,1,1,1,1,1,1,1,1,1,1,1,1,1,1,1,1,1,1,1,1,1,1,1,1,1,1,1,1,1,1,1,1,1,1,1,1,1,1,1,4,1,1,1,1,1,1,1,1,1,1,1,1,1,1,1,1,1,1,1,1,1,1,1,1,1,1,1,79
CAN,165,3,3,1,1,1,1,1,1,3,3,1,1,3,1,3,1,3,1,1,1,3,1,1,3,1,1,1,1,5,1,1,1,3,1,3,1,1,1,1,1,1,3,3,3,1,3,1,1,1,1,3,1,1,3,1,3,1,1,3,1,3,1,1,1,1,1,1,3,1,1,1,3,1,3,1,3,1,3,3,1,1,1,3,3,1,1,3,1,1,1,1,1,1,1,3,1,1,1,1,1,3,1,1,1,3,3,3,1,1,3,1,1,1,1,1,1,1,1,1,1,3,1,1,1,3,1,1,1,1,1,1,3,3,1,1,3,1,1,1,3,1,1,3,1,3,1,1,1,1,3,1,1,1,1,3,1,1,3,3,3,3,1,3,1,1,1,1,1,1,1,1,1,1,1,1,1,1,1,1,1,1,1,3,1,1,1,4,1,1,3,1,1,1,1,3,1,1,1,1,6
CPV,73,4,2,2,2,2,2,4,2,4,2,2,2,2,2,4,4,4,2,2,4,2,2,2,2,2,2,2,2,2,2,2,2,4,4,2,2,2,2,2,2,5,4,4,4,2,4,2,2,2,2,4,2,2,4,2,4,2,2,4,2,4,2,2,4,4,4,2,4,2,4,2,4,2,4,2,4,2,4,2,2,2,2,4,4,2,2,2,2,2,2,2,2,2,2,2,2,2,2,2,2,4,2,4,2,4,4,4,2,1,4,2,2,2,2,2,4,2,2,4,4,4,2,2,2,2,2,2,2,4,4,2,4,4,2,2,2,2,2,2,2,2,2,4,2,4,2,2,2,2,4,2,2,2,2,2,2,2,4,4,4,4,4,4,4,2,2,2,2,2,2,2,2,4,2,2,2,2,2,2,2,2,2,2,2,2,2,2,2,2,4,2,2,2,2,2,2,2,2,2,63
CAF,55,1,2,1,1,1,1,1,1,1,1,1,1,1,1,1,4,1,1,4,4,1,1,1,1,1,1,1,1,1,4,5,4,1,4,1,4,1,1,1,1,1,1,1,1,1,1,1,1,1,1,1,1,1,1,1,1,1,1,1,4,1,1,1,1,1,1,4,1,1,1,1,1,1,1,1,1,1,1,4,1,1,1,1,1,1,1,1,1,1,1,1,1,1,1,1,1,1,1,1,1,1,1,4,1,1,1,1,1,1,1,1,1,1,1,1,1,1,1,1,1,1,1,1,1,1,1,1,1,4,1,1,1,1,1,1,1,1,1,1,1,1,1,1,1,1,1,1,1,1,1,1,1,4,1,1,1,1,1,1,1,1,1,1,4,1,1,1,1,1,1,1,4,1,1,1,1,1,1,1,1,1,1,1,1,1,1,4,1,1,1,1,1,1,1,1,1,1,1,1,78
TCD,57,1,4,1,1,1,1,1,1,1,1,1,1,1,1,1,4,1,1,1,2,1,1,1,1,1,1,1,1,1,1,4,4,1,4,1,4,1,1,1,1,1,1,1,1,1,1,1,1,1,1,1,1,1,1,1,1,1,1,1,4,1,1,1,1,1,1,4,1,1,1,1,1,1,1,1,1,1,1,1,1,1,1,1,1,1,1,1,1,1,1,1,1,1,1,1,1,1,1,1,1,1,1,1,1,1,1,1,1,1,1,1,1,1,1,1,4,1,1,1,4,1,1,1,1,1,1,1,1,4,4,1,1,1,1,1,1,1,1,1,1,1,1,1,1,1,1,1,1,1,1,1,1,1,1,1,1,1,1,1,1,1,1,1,4,1,1,1,1,1,1,1,5,4,1,1,1,1,1,1,1,1,1,1,1,1,1,1,1,1,1,1,1,1,1,1,1,1,1,1,77
CHL,159,4,4,1,4,4,1,1,4,4,4,1,4,4,1,4,1,4,1,1,1,1,4,4,4,1,1,1,4,4,1,1,1,4,1,5,1,1,4,4,1,1,4,4,4,1,4,1,1,1,4,4,1,1,4,1,4,4,1,4,1,4,4,4,1,1,1,1,4,4,1,4,4,4,4,1,4,4,4,4,1,1,1,4,4,4,1,4,1,1,1,1,1,4,1,4,1,1,1,1,4,4,1,1,1,4,4,4,1,1,4,4,4,1,1,4,1,1,4,4,1,4,4,1,1,4,4,1,1,1,1,4,4,4,1,1,4,1,4,4,1,1,1,4,1,4,1,4,1,1,4,4,4,1,1,1,1,1,4,4,4,4,1,4,1,1,1,1,1,4,1,1,1,1,4,1,1,1,1,4,4,4,1,4,1,4,1,4,4,1,4,4,1,4,1,1,1,4,1,1,11
CHN,78,1,4,1,1,1,1,1,1,1,1,1,4,4,1,1,1,1,1,1,1,4,1,1,4,1,1,4,1,1,1,1,1,1,1,1,1,5,1,1,1,1,1,1,1,1,1,1,1,1,4,1,1,1,1,1,1,4,1,1,1,1,4,1,1,1,1,1,1,1,1,1,1,1,1,1,1,1,1,1,1,1,1,1,1,1,1,4,1,1,1,1,1,1,1,1,1,1,1,1,1,1,1,1,1,1,1,1,1,1,1,1,1,1,1,1,1,1,4,4,1,1,4,1,1,1,1,1,1,1,1,1,1,1,1,1,1,1,1,1,1,1,1,1,1,1,1,1,4,1,1,4,1,1,1,1,4,1,1,4,1,1,1,4,1,1,1,1,1,1,1,1,1,1,1,1,1,1,1,4,1,1,1,2,1,1,1,1,1,1,1,1,1,1,1,1,1,1,1,1,59
COL,126,4,4,3,4,4,3,3,4,4,4,4,4,4,3,4,3,4,3,3,3,4,4,4,4,4,3,3,4,4,3,3,3,4,3,4,3,3,5,4,3,3,4,4,4,3,4,4,4,3,4,4,3,3,4,3,4,4,4,4,3,4,4,4,3,3,3,3,4,4,3,4,4,4,4,3,4,4,4,4,3,3,3,4,4,4,3,4,3,3,3,3,3,4,3,4,3,4,3,3,4,4,3,3,3,4,4,4,3,3,4,4,4,3,4,4,3,3,3,3,3,4,3,3,3,4,3,3,3,3,3,3,4,4,3,3,4,3,4,4,4,4,3,4,3,4,4,4,4,3,4,4,4,3,3,4,3,3,4,4,4,4,3,4,3,3,4,3,3,4,3,3,3,3,3,3,3,3,3,3,4,4,3,1,3,3,3,4,4,3,4,4,4,3,3,4,3,3,3,3,32
COM,60,2,2,2,2,2,2,2,2,2,2,2,2,2,2,2,2,2,2,2,2,2,2,2,2,2,2,2,2,2,2,2,2,2,2,2,2,2,2,2,2,2,2,2,2,2,2,2,2,2,2,2,2,2,2,2,2,2,2,2,2,2,2,2,2,2,2,2,2,2,2,2,2,2,2,2,2,2,2,2,2,2,2,2,2,2,2,2,2,2,2,2,5,2,2,2,2,2,2,2,2,2,2,2,2,2,2,2,2,2,2,2,2,2,2,2,2,2,2,2,2,2,2,2,2,2,2,2,2,2,2,2,2,2,2,2,2,2,2,2,2,2,2,2,2,2,2,2,2,2,2,2,2,2,2,2,2,2,2,2,2,2,2,2,2,2,2,2,2,2,2,2,2,2,2,2,2,2,2,2,2,2,2,2,2,2,2,2,2,2,2,2,2,2,2,2,2,2,2,2,74
COG,51,1,2,1,1,1,1,1,1,1,1,1,1,1,1,1,2,1,1,1,2,1,1,1,1,1,1,1,1,1,1,4,5,1,2,1,4,1,1,1,1,1,1,1,1,1,1,1,1,1,1,1,1,1,1,1,1,1,1,1,4,1,1,1,1,1,1,4,1,1,1,1,1,1,1,1,1,1,1,1,1,1,1,1,1,1,1,1,1,1,1,1,1,1,1,1,1,1,1,1,1,1,1,1,1,1,1,1,1,2,1,1,1,1,1,1,1,1,1,1,2,1,1,1,1,1,1,1,1,2,1,1,1,1,1,1,1,1,1,1,1,1,1,1,1,1,1,1,1,1,1,1,1,2,1,1,1,1,1,1,1,1,1,1,2,1,1,1,1,1,1,1,4,2,1,1,1,1,1,1,1,1,1,1,1,1,1,1,1,1,1,1,1,1,1,1,1,1,1,1,81
COD,50,1,2,1,1,1,1,1,1,1,1,1,1,1,1,1,1,1,1,4,1,1,1,1,1,1,1,1,1,1,5,1,4,1,1,1,1,1,1,1,1,1,1,1,1,1,1,1,1,1,1,1,1,1,1,1,1,1,1,1,1,1,1,1,1,1,1,1,1,1,1,1,1,1,1,1,1,1,1,1,1,1,1,1,1,1,1,1,2,1,1,1,1,1,1,1,1,1,1,1,1,1,1,1,1,1,1,1,1,1,1,1,1,1,1,1,1,1,1,1,1,1,2,1,1,1,1,1,1,1,1,1,1,1,1,1,1,1,1,1,1,1,1,1,1,1,1,1,1,1,1,1,1,4,1,1,1,1,1,1,1,1,1,1,1,1,1,1,1,1,1,1,1,1,1,1,1,1,1,1,1,1,1,1,2,1,1,1,1,1,1,1,1,1,1,1,1,1,1,4,82
CRI,139,4,4,1,4,1,1,1,4,4,4,1,1,4,1,4,1,4,1,1,1,4,4,4,4,1,1,1,4,4,1,1,1,4,1,4,1,1,1,5,1,1,4,4,4,1,4,4,1,1,1,4,1,1,4,1,4,4,4,4,1,4,4,1,1,1,1,1,4,4,1,4,1,4,4,1,4,1,4,4,1,1,1,4,4,1,1,4,1,1,1,4,1,4,1,4,1,4,1,1,4,4,1,1,1,4,4,4,1,1,4,1,4,1,4,1,1,1,1,1,1,4,4,4,1,4,4,1,1,1,1,1,4,4,1,4,4,1,4,4,1,4,1,4,1,4,4,4,4,1,4,4,4,1,1,4,4,1,4,4,4,4,1,4,1,1,4,1,4,4,1,1,1,1,1,1,1,1,1,4,4,4,4,4,1,4,1,4,4,1,4,4,4,1,4,4,1,4,1,1,21
CIV,65,3,2,3,3,3,3,3,3,3,3,3,3,3,3,3,4,3,3,3,4,3,3,3,3,3,3,3,3,3,3,4,4,3,5,3,3,3,3,3,3,4,3,3,3,3,3,3,3,3,3,3,3,3,3,3,3,3,3,3,3,3,3,3,4,4,4,3,3,3,4,3,3,3,3,3,3,3,3,3,3,3,3,3,3,3,3,3,3,3,3,3,3,3,3,3,3,3,3,3,3,3,3,4,3,3,3,3,3,4,3,3,3,3,3,3,4,3,3,3,4,3,3,3,3,3,3,3,3,4,4,3,3,3,3,3,3,3,3,3,3,4,3,3,3,3,3,3,3,3,3,3,3,3,3,3,4,3,3,4,3,3,4,3,4,3,3,3,3,3,3,3,4,4,3,3,3,3,4,3,3,3,3,3,3,3,3,3,3,3,3,3,3,3,3,3,3,3,3,3,70
HRV,161,4,4,1,4,4,1,1,4,4,4,1,4,4,1,4,1,4,1,1,1,4,1,4,4,1,1,1,1,4,1,1,1,4,1,4,1,1,4,4,1,1,4,4,4,1,4,4,1,1,1,4,1,1,4,1,4,1,4,4,1,4,4,4,1,1,1,1,4,4,1,1,4,4,5,1,4,1,4,4,1,1,1,4,4,1,1,4,1,1,1,4,1,4,1,4,1,1,1,1,4,4,1,1,1,4,4,4,1,1,4,4,4,1,4,4,1,1,1,4,1,4,4,1,1,4,4,1,1,1,1,4,4,4,1,1,4,1,4,4,1,1,1,4,1,4,4,4,1,1,4,4,1,1,1,4,4,1,4,4,4,4,1,4,1,1,1,1,1,4,1,1,1,1,1,1,4,1,1,4,1,4,4,4,1,4,1,4,4,1,4,4,4,1,4,4,1,1,1,1,10
CUB,74,3,3,1,4,3,3,3,3,3,3,3,4,4,1,3,3,3,3,3,3,3,3,3,3,3,3,4,3,3,3,3,3,3,3,3,1,1,3,3,5,3,3,3,3,3,3,4,3,3,3,3,3,1,3,1,3,3,3,3,3,3,4,3,1,3,1,3,3,3,3,3,3,3,3,3,3,3,3,3,1,1,1,3,3,3,1,3,4,3,3,3,3,4,3,3,3,3,3,3,4,3,1,3,3,3,3,3,3,3,3,3,4,3,3,4,3,3,4,3,3,3,3,3,3,3,4,3,4,3,1,3,3,3,1,3,3,3,3,3,3,1,1,3,3,3,3,3,3,3,3,4,4,3,3,3,3,1,3,4,3,3,1,3,3,1,3,3,3,3,3,3,3,3,3,3,3,3,3,3,3,3,3,3,3,3,3,3,3,3,3,4,3,3,3,3,3,3,3,3,62
CYP,163,4,4,1,4,4,1,1,4,4,4,1,4,4,1,4,1,4,1,1,1,4,1,4,4,1,1,1,1,4,1,1,1,4,1,4,1,1,4,4,1,1,5,4,4,1,4,4,1,1,1,4,1,1,4,1,4,1,4,4,1,4,4,4,1,1,1,1,4,4,1,1,4,4,4,1,4,1,4,4,1,1,1,4,4,1,1,4,1,1,1,4,1,4,1,4,1,1,1,1,4,4,1,1,1,4,4,4,1,1,4,4,4,1,4,4,1,1,1,4,1,4,4,1,1,4,4,1,1,1,1,4,4,4,1,1,4,1,4,4,1,1,1,4,1,4,4,4,1,1,4,4,1,1,1,4,4,1,4,4,4,4,1,4,1,1,1,1,1,4,1,1,1,1,1,1,4,1,1,4,1,4,4,4,1,4,1,4,4,1,4,4,4,1,4,4,1,1,1,1,8
CZE,166,4,4,1,4,4,1,1,4,4,4,1,4,4,1,4,1,4,1,1,1,4,1,4,4,1,1,1,1,4,1,1,1,4,1,4,1,1,4,4,1,1,4,5,4,1,4,4,1,1,1,4,1,1,4,1,4,1,4,4,1,4,4,4,1,1,1,1,4,4,1,1,4,4,4,1,4,1,4,4,1,1,1,4,4,1,1,4,1,1,1,4,1,4,1,4,1,1,1,1,4,4,1,1,1,4,4,4,1,1,4,4,4,1,4,4,1,1,1,4,1,4,4,1,1,4,4,1,1,1,1,4,4,4,1,1,4,1,4,4,1,1,1,4,1,4,4,4,1,1,4,4,1,1,1,4,4,1,4,4,4,4,1,4,1,1,1,1,1,4,1,1,1,1,1,1,4,1,1,4,1,4,4,4,1,4,1,4,4,1,4,4,4,1,4,4,1,1,1,1,5
DNK,168,4,4,1,4,4,1,1,4,4,4,1,4,4,1,4,1,4,1,1,1,4,1,4,4,1,1,1,1,4,1,1,1,4,1,4,1,1,4,4,1,1,4,4,4,1,5,4,1,1,1,4,1,1,4,1,4,1,4,4,1,4,4,4,1,1,1,1,4,4,1,1,4,4,4,1,4,1,4,4,1,1,1,4,4,1,1,4,1,1,1,4,1,4,1,4,1,1,1,1,4,4,1,1,1,4,4,4,1,1,4,4,4,1,4,4,1,1,1,4,1,4,4,1,1,4,4,1,1,1,1,4,4,4,1,1,4,1,4,4,1,1,1,4,1,4,4,4,1,1,4,4,1,1,1,4,4,1,4,4,4,4,1,4,1,1,1,1,1,4,1,1,1,1,1,1,4,1,1,4,1,4,4,4,1,4,1,4,4,1,4,4,4,1,4,4,1,1,1,1,3
DJI,54,3,3,3,3,3,3,3,3,3,3,3,3,3,3,3,3,3,3,3,3,3,3,3,3,3,3,3,3,3,3,3,3,3,3,3,3,3,3,3,3,3,3,3,3,5,3,3,3,3,3,3,3,3,3,3,3,3,3,3,3,3,3,3,3,3,3,3,3,3,3,3,3,3,3,3,3,3,3,3,3,3,3,3,3,3,3,3,3,3,3,3,3,3,3,3,3,3,3,3,3,3,3,3,3,3,3,3,3,3,3,3,3,3,3,3,3,3,3,3,3,3,3,3,3,3,3,3,3,3,3,3,3,3,3,3,3,3,3,3,3,3,3,3,3,3,3,3,3,3,3,3,3,3,3,3,3,3,3,4,3,3,3,3,3,3,3,3,3,3,3,3,3,3,3,3,3,3,3,3,3,3,3,3,3,3,3,3,3,3,3,3,3,3,3,3,3,3,3,3,79
DMA,127,4,4,4,4,4,4,4,4,4,4,4,4,4,4,4,4,4,4,4,4,4,4,4,4,4,4,4,4,4,4,4,4,4,4,4,4,4,4,4,4,4,4,4,4,4,4,5,1,4,4,4,4,4,4,4,4,4,4,4,4,4,4,4,4,4,4,4,4,4,4,4,4,4,4,4,4,4,4,4,4,4,4,4,4,4,4,4,4,4,4,4,4,4,4,4,4,4,4,4,4,4,4,4,4,4,4,4,4,4,4,4,4,4,4,4,4,4,4,4,4,4,4,4,4,4,4,4,4,4,4,4,4,4,4,4,4,4,4,4,4,4,4,4,4,4,4,4,4,4,4,4,4,4,4,4,4,4,4,4,4,4,4,4,4,4,4,4,4,4,4,4,4,4,4,4,4,4,4,4,4,4,4,4,4,4,4,4,4,4,4,4,4,4,4,4,4,4,4,4,31
DOM,73,4,4,1,4,4,1,1,4,4,4,1,4,4,1,4,1,4,4,1,1,4,4,4,4,1,4,1,4,4,1,1,1,4,1,4,1,1,4,4,1,1,4,4,4,1,4,4,5,1,4,4,1,1,4,1,4,4,4,4,1,4,4,1,1,1,1,1,4,4,1,4,4,4,4,1,4,1,4,4,1,1,1,4,4,4,1,4,1,1,1,4,1,4,1,4,4,4,1,1,4,4,1,1,1,4,4,4,1,1,4,1,1,1,4,4,1,1,1,4,1,4,4,1,1,4,4,1,4,1,1,4,4,4,1,4,4,1,4,4,4,1,1,4,1,4,1,4,4,1,4,4,4,1,1,4,4,1,4,4,4,4,1,4,1,1,4,1,1,4,1,1,1,1,4,1,1,1,1,4,4,4,4,4,1,4,1,4,4,1,4,4,4,1,4,1,1,4,1,1,63
ECU,95,4,4,1,4,4,4,3,4,4,4,4,4,4,1,4,4,4,4,4,4,4,4,4,4,4,4,4,4,4,3,4,4,4,4,4,3,4,4,4,3,4,4,4,4,4,4,4,4,4,5,4,4,3,4,3,4,4,4,4,4,4,4,4,3,3,3,4,4,4,4,4,4,4,4,3,4,4,4,4,3,3,4,4,4,4,4,4,3,4,4,4,4,4,3,4,4,4,4,4,4,4,3,4,4,4,4,4,3,4,4,4,4,4,4,4,4,4,4,4,4,4,4,4,4,4,4,4,4,4,3,4,4,4,3,4,4,4,4,4,4,4,3,4,4,4,4,4,4,4,4,4,4,4,4,4,4,4,4,4,4,4,4,4,3,3,4,4,4,4,3,4,4,4,4,4,4,4,4,4,4,4,4,4,4,4,4,4,4,4,4,4,3,4,4,4,4,4,4,4,44
EGY,58,2,4,1,2,2,1,1,2,2,2,1,1,1,1,2,1,2,4,1,1,2,2,2,2,2,1,1,1,2,1,1,1,2,1,2,1,4,2,2,2,1,2,2,2,1,2,2,2,1,2,2,5,1,2,1,2,2,2,2,1,2,2,2,1,1,2,1,2,1,1,2,4,1,2,2,2,1,2,1,1,1,1,2,2,2,4,2,1,1,2,2,1,2,1,2,4,2,2,1,2,2,1,1,1,2,2,2,1,1,2,1,2,1,2,2,1,1,1,4,1,2,1,2,1,2,2,1,1,1,1,2,2,2,2,2,2,4,2,2,2,1,1,2,1,2,2,2,1,1,2,2,2,1,4,2,2,1,2,2,2,2,1,2,1,1,2,2,2,1,1,1,1,1,1,1,2,1,1,2,1,2,2,2,1,2,1,2,2,1,2,2,2,1,2,2,1,1,1,1,76
SLV,124,4,4,1,4,4,1,1,4,4,4,1,1,4,1,4,1,4,4,1,1,4,1,4,4,1,1,1,4,4,1,1,1,4,1,4,1,1,4,4,1,1,4,4,4,1,4,1,4,1,4,4,1,1,4,1,4,4,1,4,1,4,1,1,1,1,1,1,4,4,1,1,1,4,4,1,4,1,4,4,4,1,1,4,4,1,1,4,1,1,1,1,1,4,1,4,4,1,1,1,4,4,1,1,1,4,4,4,1,1,4,1,1,4,4,4,1,1,1,1,1,4,1,1,1,4,4,1,1,1,1,4,4,4,1,1,4,1,4,1,1,1,1,4,1,4,1,4,4,1,4,1,4,1,4,4,1,1,4,4,4,4,1,4,1,1,1,1,4,5,1,1,1,1,1,1,1,1,1,1,4,4,4,1,1,4,1,4,4,1,4,4,1,1,4,1,1,4,1,1,33
GNQ,59,1,2,1,1,1,1,1,1,1,1,1,1,4,1,1,1,1,1,1,1,1,1,1,1,1,1,1,1,1,1,1,1,1,1,1,1,4,1,1,1,1,1,1,1,1,1,1,1,1,1,1,1,1,1,1,1,1,1,1,1,1,1,1,1,1,1,5,1,1,1,1,1,1,1,1,1,1,1,1,1,1,1,1,1,1,1,1,1,1,1,1,1,1,1,1,1,1,1,1,1,1,1,1,1,1,1,1,1,1,1,1,1,1,1,1,1,1,1,1,1,1,1,1,1,1,1,1,1,1,1,1,1,1,1,1,1,1,1,1,1,1,1,1,1,1,1,1,1,1,1,1,1,1,1,1,1,1,1,1,1,1,1,1,1,1,1,1,1,1,1,1,1,1,1,1,1,1,1,1,1,1,1,1,1,1,1,4,1,1,1,1,1,1,1,1,1,1,1,1,75
ERI,48,1,1,1,1,1,1,1,1,1,1,1,1,1,1,1,1,1,1,1,1,1,1,1,1,1,1,1,1,1,1,1,1,1,1,1,1,1,1,1,1,1,1,1,1,1,1,1,1,1,1,1,1,5,1,2,1,1,1,1,1,1,1,1,1,1,1,1,1,1,1,1,1,1,1,1,1,1,1,1,1,1,1,1,1,1,1,1,1,1,1,1,1,1,1,1,1,1,1,1,1,1,1,1,1,1,1,1,1,1,1,1,1,1,1,1,1,1,1,1,1,1,1,1,1,1,1,1,1,1,1,1,1,1,1,1,1,1,1,1,1,1,1,1,1,1,1,1,1,1,1,1,1,1,1,1,1,2,1,1,1,1,1,1,1,1,1,1,1,1,1,1,1,1,1,1,1,1,1,1,1,1,1,1,1,1,4,1,1,1,1,1,1,1,1,1,1,1,1,1,84
EST,164,4,4,1,4,4,1,1,4,4,4,1,4,4,1,4,1,4,1,1,1,4,1,4,4,1,1,1,1,4,1,1,1,4,1,4,1,1,4,4,1,1,4,4,4,1,4,4,1,1,1,5,1,1,4,1,4,1,4,4,1,4,4,4,1,1,1,1,4,4,1,1,4,4,4,1,4,1,4,4,1,1,1,4,4,1,1,4,1,1,1,4,1,4,1,4,1,1,1,1,4,4,1,1,1,4,4,4,1,1,4,4,4,1,4,4,1,1,1,4,1,4,4,1,1,4,4,1,1,1,1,4,4,4,1,1,4,1,4,4,1,1,1,4,1,4,4,4,1,1,4,4,1,1,1,4,4,1,4,4,4,4,1,4,1,1,1,1,1,4,1,1,1,1,1,1,4,1,1,4,1,4,4,4,1,4,1,4,4,1,4,4,4,1,4,4,1,1,1,1,7
SWZ,78,4,4,1,4,1,1,1,4,4,4,1,4,4,1,4,1,1,1,1,1,4,1,4,4,1,4,1,4,4,1,1,1,4,1,4,1,1,1,1,1,1,4,4,4,1,4,4,1,1,1,4,1,1,4,1,4,1,1,4,1,4,4,1,4,4,1,1,4,1,1,4,1,1,4,1,4,1,4,4,1,1,1,1,4,4,1,4,4,1,1,1,1,1,1,4,4,1,1,1,4,1,1,1,4,4,4,4,1,1,4,1,4,4,1,1,1,1,1,1,1,4,4,4,4,1,4,4,4,1,1,1,4,4,1,4,4,1,1,1,4,1,1,4,4,4,1,1,4,1,1,4,4,1,1,4,4,1,4,4,4,4,4,4,1,1,1,1,1,1,1,5,1,1,1,1,4,1,1,4,4,4,4,4,4,4,4,4,4,1,4,1,1,1,4,4,1,4,4,4,59
ETH,48,3,2,3,3,3,3,2,2,2,2,3,3,3,3,2,2,3,3,2,2,3,3,2,3,3,2,3,3,2,2,2,2,2,2,3,2,2,3,3,3,2,3,2,2,4,2,3,3,2,3,3,2,2,2,5,2,3,3,2,2,2,3,3,2,2,2,2,2,3,2,3,2,3,3,3,3,3,2,2,2,3,3,3,2,3,3,2,4,3,3,3,2,3,2,2,2,3,3,3,3,3,3,2,2,3,2,3,2,3,3,3,3,3,3,3,2,3,3,2,2,3,2,3,3,2,3,2,3,2,2,3,2,2,3,3,2,3,3,3,3,3,3,2,3,2,3,3,3,3,3,3,2,2,3,3,2,2,2,3,3,2,2,3,2,3,3,2,2,3,3,2,2,2,2,3,3,3,2,3,3,3,3,2,2,3,2,2,3,3,3,3,3,3,3,3,3,2,2,2,84
FJI,93,1,4,1,4,1,1,1,4,4,4,1,1,4,4,4,1,4,1,1,1,4,1,4,4,1,4,1,4,4,1,1,1,4,1,4,1,4,4,1,1,1,4,4,4,1,4,4,1,1,1,4,1,1,4,1,4,5,4,4,1,4,4,1,4,4,1,1,4,1,1,4,4,1,1,1,4,4,4,4,4,1,1,4,4,4,1,4,4,1,1,4,1,4,1,4,1,1,1,1,4,4,1,1,4,4,4,4,1,1,4,4,1,1,4,1,1,1,1,4,1,4,4,4,4,4,4,1,1,1,4,1,4,4,1,4,4,1,1,4,4,4,1,4,1,4,4,4,1,1,4,4,4,1,1,4,4,1,4,4,4,4,4,1,1,1,1,1,1,1,1,4,1,1,4,1,1,1,4,4,4,4,4,4,4,4,4,4,4,1,4,4,4,1,4,4,1,4,4,4,46
FIN,169,4,4,1,4,4,1,1,4,4,4,1,4,4,1,4,1,4,1,1,1,4,1,4,4,1,1,1,1,4,1,1,1,4,1,4,1,1,4,4,1,1,4,4,4,1,4,4,1,1,1,4,1,1,4,1,5,1,4,4,1,4,4,4,1,1,1,1,4,4,1,1,4,4,4,1,4,1,4,4,1,1,1,4,4,1,1,4,1,1,1,4,1,4,1,4,1,1,1,1,4,4,1,1,1,4,4,4,1,1,4,4,4,1,4,4,1,1,1,4,1,4,4,1,1,4,4,1,1,1,1,4,4,4,1,1,4,1,4,4,1,1,1,4,1,4,4,4,1,1,4,4,1,1,1,4,4,1,4,4,4,4,1,4,1,1,1,1,1,4,1,1,1,1,1,1,4,1,1,4,1,4,4,4,1,4,1,4,4,1,4,4,4,1,4,4,1,1,1,1,2
FRA,167,4,4,1,4,4,1,1,4,4,4,1,4,4,1,4,1,4,1,1,1,4,1,4,4,1,1,1,1,4,1,1,1,4,1,4,1,1,4,4,1,1,4,4,4,1,4,4,1,1,1,4,1,1,4,1,4,1,4,5,1,4,4,4,1,1,1,1,4,4,1,1,4,4,4,1,4,1,4,4,1,1,1,4,4,1,1,4,1,1,1,4,1,4,1,4,1,1,1,1,4,4,1,1,1,4,4,4,1,1,4,4,4,1,4,4,1,1,1,4,1,4,4,1,1,4,4,1,1,1,1,4,4,4,1,1,4,1,4,4,1,1,1,4,1,4,4,4,1,1,4,4,1,1,1,4,4,1,4,4,4,4,1,4,1,1,1,1,1,4,1,1,1,1,1,1,4,1,1,4,1,4,4,4,1,4,1,4,4,1,4,4,4,1,4,4,1,1,1,1,4
GAB,63,3,2,3,3,3,3,3,2,2,2,3,3,3,3,2,3,2,2,3,3,3,3,2,3,3,3,3,3,2,3,3,3,3,3,3,3,2,3,3,3,3,2,2,2,3,2,3,3,3,3,2,3,3,2,3,2,3,3,2,5,2,3,3,3,3,3,3,2,3,3,3,3,3,2,3,2,2,2,3,2,3,3,3,2,3,3,2,3,3,3,3,3,3,3,2,2,3,3,3,3,3,3,3,3,2,2,2,3,4,3,3,3,3,3,3,3,3,3,3,3,2,4,3,3,2,3,3,3,3,3,3,2,3,3,3,3,2,3,3,3,3,3,2,3,2,3,3,2,3,2,3,2,3,2,3,3,3,2,3,2,2,3,3,3,3,3,3,3,3,3,3,3,3,3,3,3,3,4,3,2,3,3,3,3,3,3,2,3,3,3,3,3,3,3,3,3,2,3,3,72
GMB,71,4,4,1,4,4,1,1,1,4,4,1,4,4,4,4,4,4,1,1,4,4,4,1,4,4,4,4,4,4,1,1,1,4,4,1,1,1,1,1,4,4,4,4,4,1,4,4,4,1,4,1,1,1,2,1,4,4,4,2,1,4,4,1,4,5,4,1,4,1,4,4,1,4,4,4,4,4,4,1,1,1,1,4,4,4,1,1,4,1,4,4,1,4,4,4,1,1,4,1,4,4,4,4,4,4,4,4,1,4,4,1,4,1,1,4,4,1,1,1,4,4,4,4,4,1,4,1,4,4,4,1,4,4,4,4,4,1,1,1,4,4,1,4,1,2,4,1,1,4,4,4,4,1,1,4,4,1,4,4,4,1,4,4,4,1,4,1,1,1,1,4,1,4,1,1,4,4,1,4,4,4,4,4,4,1,4,2,1,1,4,4,4,1,4,4,1,1,4,4,65
GEO,120,4,4,3,4,4,4,3,4,4,4,4,4,4,3,4,3,4,4,3,3,4,3,4,4,3,4,4,4,4,3,3,3,4,3,4,3,3,4,4,3,3,4,4,4,3,4,3,4,1,4,4,3,3,4,3,4,3,3,4,3,4,3,5,3,3,3,3,4,3,3,3,3,4,4,3,4,3,4,4,3,3,4,4,4,3,4,4,3,4,3,3,3,3,3,4,4,4,3,4,3,4,3,3,3,4,4,4,3,3,4,4,4,3,3,3,3,3,3,3,3,4,4,3,3,4,4,3,3,3,3,3,4,4,3,3,4,4,4,3,3,3,3,4,1,4,3,3,4,3,4,4,4,3,4,3,4,3,4,4,4,4,3,4,3,3,3,3,3,4,3,3,3,3,4,4,3,4,3,3,4,3,3,3,3,4,3,4,4,4,4,4,3,3,3,3,3,4,3,3,36
DEU,167,4,4,1,4,4,1,1,4,4,4,1,4,4,1,4,1,4,1,1,1,4,1,4,4,1,1,1,1,4,1,1,1,4,1,4,1,1,4,4,1,1,4,4,5,1,4,4,1,1,1,4,1,1,4,1,4,1,4,4,1,4,4,4,1,1,1,1,4,4,1,1,4,4,4,1,4,1,4,4,1,1,1,4,4,1,1,4,1,1,1,4,1,4,1,4,1,1,1,1,4,4,1,1,1,4,4,4,1,1,4,4,4,1,4,4,1,1,1,4,1,4,4,1,1,4,4,1,1,1,1,4,4,4,1,1,4,1,4,4,1,1,1,4,1,4,4,4,1,1,4,4,1,1,1,4,4,1,4,4,4,4,1,4,1,1,1,1,1,4,1,1,1,1,1,1,4,1,1,4,1,4,4,4,1,4,1,4,4,1,4,4,4,1,4,4,1,1,1,1,4
GHA,67,1,1,1,1,1,1,2,1,1,1,1,1,4,1,1,4,1,1,2,4,1,1,1,1,1,2,1,1,1,2,2,2,1,4,1,2,1,1,1,1,4,1,1,1,2,1,1,1,2,1,1,2,2,1,2,1,1,1,1,2,1,1,1,5,4,4,2,1,1,4,1,1,1,1,1,1,1,1,1,1,1,1,1,1,4,1,1,4,1,1,1,2,1,1,1,1,1,1,1,1,1,1,4,4,1,1,1,2,1,1,1,1,2,1,1,4,1,1,1,2,1,4,1,2,1,1,2,2,4,4,1,1,1,1,1,1,1,1,1,1,1,1,1,1,1,1,1,1,1,1,1,1,4,1,1,4,4,1,4,1,1,4,1,4,2,1,2,2,1,1,4,2,4,1,1,1,1,2,1,1,4,1,1,4,1,4,1,1,1,1,1,1,1,1,1,1,2,2,4,68
GRC,167,4,4,1,4,4,1,1,4,4,4,1,4,4,1,4,1,4,1,1,1,4,1,4,4,1,1,1,1,4,1,1,1,4,1,4,1,1,4,4,1,1,4,4,4,1,4,4,1,1,1,4,1,1,4,1,4,1,4,4,1,4,4,4,1,1,1,1,5,4,1,1,4,4,4,1,4,1,4,4,1,1,1,4,4,1,1,4,1,1,1,4,1,4,1,4,1,1,1,1,4,4,1,1,1,4,4,4,1,1,4,4,4,1,4,4,1,1,1,4,1,4,4,1,1,4,4,1,1,1,1,4,4,4,1,1,4,1,4,4,1,1,1,4,1,4,4,4,1,1,4,4,1,1,1,4,4,1,4,4,4,4,1,4,1,1,1,1,1,4,1,1,1,1,1,1,4,1,1,4,1,4,4,4,1,4,1,4,4,1,4,4,4,1,4,4,1,1,1,1,4
GRD,129,1,4,1,4,1,1,1,4,4,4,1,1,4,4,4,1,4,1,1,1,4,1,4,4,1,4,1,4,4,1,1,1,4,1,4,4,4,1,4,4,1,4,4,4,1,4,4,4,1,1,4,1,1,4,1,4,1,1,4,1,4,5,1,4,4,1,1,4,1,1,4,4,1,4,1,4,1,4,4,4,1,1,4,4,4,1,4,4,1,1,4,1,4,1,4,1,1,1,1,4,4,4,1,4,4,4,4,1,4,4,1,1,1,1,1,1,1,1,4,1,4,4,4,4,4,4,4,4,1,1,1,4,4,1,4,4,1,1,1,4,1,1,4,1,4,1,1,1,1,4,1,4,4,1,4,4,1,4,4,4,4,4,4,1,1,4,1,1,1,1,4,1,1,1,1,1,1,1,4,1,4,4,1,4,1,4,4,1,1,4,4,4,1,4,4,1,4,4,1,29
GTM,126,4,4,1,4,1,1,1,4,4,4,1,1,4,1,4,1,4,4,1,1,4,1,4,4,1,1,1,4,4,1,1,1,4,1,4,1,1,4,4,1,1,4,4,4,1,4,1,4,1,4,4,1,1,4,1,4,4,1,4,1,4,1,1,1,1,1,1,4,5,1,1,1,4,4,1,4,1,4,4,1,1,1,4,4,1,1,4,1,1,1,1,1,4,1,4,4,1,1,1,4,4,1,1,1,4,4,4,1,1,4,1,1,4,4,4,1,1,1,1,1,4,1,1,1,4,4,1,1,1,1,4,4,4,1,1,4,1,4,4,1,1,1,4,1,4,1,4,4,1,4,1,4,1,4,4,1,1,4,4,4,4,1,4,1,1,1,1,4,4,1,1,1,1,1,1,1,1,1,1,4,4,4,4,1,4,1,4,4,1,4,4,1,1,4,1,1,4,1,1,32
GIN,59,3,2,3,3,3,3,3,3,3,3,3,3,3,3,3,4,3,3,3,4,3,3,3,3,3,3,3,3,3,3,3,3,3,4,3,3,3,3,3,4,4,3,3,3,3,3,3,3,4,3,3,4,3,3,3,3,3,3,3,3,3,3,3,4,4,5,3,3,3,4,3,3,3,3,3,3,3,3,3,3,3,3,3,3,3,3,3,3,3,3,3,3,3,3,3,3,3,3,3,3,3,3,4,3,3,3,3,3,4,3,3,3,3,3,3,4,3,3,3,4,3,3,3,3,3,3,3,4,4,4,3,3,3,3,3,3,3,3,3,3,3,3,3,3,3,3,3,3,3,3,3,3,4,3,3,3,3,3,4,3,3,4,3,4,3,3,3,3,3,3,3,3,4,3,3,3,3,4,3,3,3,3,3,4,3,3,3,3,3,3,3,3,3,3,3,3,3,3,3,75
GNB,58,2,2,2,2,2,2,2,2,2,2,2,2,2,2,2,4,2,2,2,4,2,2,2,2,2,2,2,2,2,2,2,2,2,4,2,2,2,2,2,2,4,2,2,2,2,2,2,2,2,2,2,2,2,2,2,2,2,2,2,2,2,2,2,4,4,4,2,2,2,5,2,2,2,2,2,2,2,2,2,2,2,2,2,2,2,2,2,2,2,2,2,2,2,2,2,2,2,2,2,2,2,2,4,2,2,2,2,2,2,2,2,2,2,2,2,4,2,2,2,2,2,2,2,2,2,2,2,2,4,4,2,2,2,2,2,2,2,2,2,2,2,2,2,2,2,2,2,2,2,2,2,2,2,2,2,2,2,2,2,2,2,4,2,4,2,2,2,2,2,2,2,2,4,2,2,2,2,2,2,2,2,2,2,2,2,2,2,2,2,2,2,2,2,2,2,2,2,2,2,76
GUY,88,1,2,1,4,1,1,1,4,4,4,1,1,4,1,4,1,1,1,1,1,1,2,4,4,1,4,1,4,4,1,1,1,4,1,4,1,1,4,4,4,1,1,1,4,1,4,4,4,1,4,1,1,1,4,1,4,1,1,4,1,4,4,1,1,1,1,1,4,1,1,5,4,1,1,1,1,4,4,1,1,1,1,1,4,4,1,4,1,1,1,1,1,4,4,4,1,1,1,1,4,1,1,1,4,1,4,1,1,1,1,1,1,1,1,1,1,1,1,1,1,1,1,1,1,1,4,1,1,1,1,1,4,4,1,1,4,1,4,4,1,1,1,1,1,4,1,1,1,1,1,1,4,1,1,1,1,1,4,1,1,1,1,1,1,1,4,1,1,1,1,4,1,1,1,1,1,1,1,1,1,4,1,1,1,1,1,4,4,1,1,4,1,1,1,1,1,4,1,1,50
HTI,59,4,4,4,4,4,4,4,4,4,4,4,4,4,4,4,4,4,4,4,4,4,4,4,4,4,4,4,4,4,4,4,4,4,4,4,4,4,1,4,1,4,4,4,4,4,4,4,1,4,4,4,4,4,4,4,4,4,4,4,4,4,4,4,4,4,4,4,4,4,4,4,4,4,4,5,4,4,4,4,4,4,4,4,4,4,4,4,4,4,4,4,4,4,4,4,4,4,4,4,4,4,4,4,4,4,4,4,4,4,4,4,4,4,4,4,4,4,4,4,4,4,4,4,4,4,4,4,4,4,4,4,4,4,4,4,4,4,1,4,4,4,4,4,1,4,4,4,4,4,4,4,4,4,4,4,4,4,4,4,4,4,4,4,4,4,4,4,4,4,4,4,4,4,4,4,4,4,4,4,4,4,4,4,4,4,4,4,4,4,4,4,4,4,4,4,4,4,4,4,75
HND,126,4,4,1,4,1,1,1,4,4,4,1,1,4,1,4,1,4,4,1,1,4,1,4,4,1,1,1,4,4,1,1,1,4,1,4,1,1,4,4,1,1,4,4,4,1,4,1,1,1,4,4,1,1,4,1,4,1,1,4,1,4,1,1,1,1,1,1,4,4,1,1,1,5,4,1,4,1,4,4,1,1,1,4,4,1,1,4,1,1,1,1,1,4,1,4,4,1,1,1,4,4,1,1,1,4,4,4,1,1,4,1,1,4,4,4,1,1,1,1,1,4,1,1,1,4,4,1,1,1,1,4,4,4,1,1,4,1,4,4,1,1,1,4,1,4,1,4,4,1,4,1,4,1,4,4,1,1,4,4,4,4,1,4,1,1,1,1,4,4,1,1,1,1,1,1,1,1,1,1,4,4,4,4,1,4,1,4,4,1,4,4,1,1,4,1,1,4,1,1,32
HKG,154,4,4,1,4,4,4,1,4,4,4,1,4,4,1,4,4,4,4,1,4,4,4,4,4,4,4,4,4,4,1,1,1,4,1,4,1,1,4,4,1,4,4,4,4,4,4,4,4,4,4,4,4,1,4,1,4,4,4,4,4,4,4,1,1,1,4,4,4,4,1,4,5,4,4,4,4,4,4,4,3,1,1,4,4,4,4,4,4,1,1,4,4,4,1,4,4,4,1,1,4,4,1,1,4,4,4,4,1,4,4,1,4,4,4,4,4,1,4,4,4,4,4,4,4,4,4,4,4,4,1,1,4,4,1,4,4,4,4,4,4,4,1,4,1,4,4,4,4,1,4,4,4,1,4,1,4,1,4,4,4,4,1,4,1,1,4,1,4,4,1,4,4,1,4,1,4,1,4,4,4,4,4,3,4,4,4,4,4,1,4,4,4,1,4,4,1,4,4,4,13
HUN,166,4,4,1,4,4,1,1,4,4,4,1,4,4,1,4,1,4,1,1,1,4,1,4,4,1,1,1,1,4,1,1,1,4,1,4,1,1,4,4,1,1,4,4,4,1,4,4,1,1,1,4,1,1,4,1,4,1,4,4,1,4,4,4,1,1,1,1,4,4,1,1,4,4,4,1,5,1,4,4,1,1,1,4,4,1,1,4,1,1,1,4,1,4,1,4,1,1,1,1,4,4,1,1,1,4,4,4,1,1,4,4,4,1,4,4,1,1,1,4,1,4,4,1,1,4,4,1,1,1,1,4,4,4,1,1,4,1,4,4,1,1,1,4,1,4,4,4,1,1,4,4,1,1,1,4,4,1,4,4,4,4,1,4,1,1,1,1,1,4,1,1,1,1,1,1,4,1,1,4,1,4,4,4,1,4,1,4,4,1,4,4,4,1,4,4,1,1,1,1,5
ISL,165,4,4,1,4,4,1,1,4,4,4,1,4,4,1,4,1,4,1,1,1,4,1,4,4,1,1,1,1,4,1,1,1,4,1,4,1,1,4,4,1,1,4,4,4,1,4,4,1,1,1,4,1,1,4,1,4,1,4,4,1,4,4,4,1,1,1,1,4,4,1,1,4,4,4,1,4,1,4,4,1,1,1,5,4,1,1,4,1,1,1,4,1,4,1,4,1,1,1,1,4,4,1,1,1,4,4,4,1,1,4,4,4,1,4,4,1,1,1,4,1,4,4,1,1,4,4,1,1,1,1,4,4,4,1,1,4,1,4,4,1,1,1,4,1,4,4,4,1,1,4,4,1,1,1,4,4,1,4,4,4,4,1,4,1,1,1,1,1,4,1,1,1,1,1,1,4,1,1,4,1,4,4,4,1,4,1,4,4,1,4,4,4,1,4,4,1,1,1,1,6
IND,67,3,3,1,3,3,3,3,3,3,3,3,3,3,1,3,1,3,1,3,1,3,3,3,3,4,3,1,3,3,1,1,1,3,3,3,3,3,3,3,3,3,3,3,3,3,3,3,3,1,3,3,1,3,3,1,3,3,3,3,3,3,3,3,3,3,3,1,3,3,1,3,3,3,3,3,3,3,3,3,5,1,3,3,3,3,3,2,3,3,3,3,3,3,1,2,1,3,3,1,3,3,3,3,3,3,3,3,1,1,3,3,3,3,3,3,3,3,3,3,1,3,3,4,3,3,3,3,3,3,1,3,3,3,4,3,3,3,3,3,3,3,1,3,3,3,3,3,3,1,3,3,3,3,3,3,3,1,3,3,3,3,3,3,3,1,3,1,1,3,1,3,1,1,3,3,3,1,1,3,1,3,3,3,3,3,3,3,3,3,3,3,3,3,3,3,1,3,3,3,68
IDN,82,4,4,1,4,4,4,4,4,4,4,4,4,4,4,4,4,4,4,4,4,4,4,4,4,4,4,4,4,4,1,1,1,4,4,4,1,4,1,4,4,4,4,4,4,1,4,4,4,4,4,4,4,1,4,1,4,4,1,4,4,4,4,4,4,4,1,1,4,4,1,4,4,4,4,4,4,5,4,1,4,1,1,4,4,4,4,4,4,4,4,4,4,4,1,4,4,4,4,4,4,4,4,1,4,4,4,4,2,4,4,4,1,4,4,4,4,4,4,4,4,4,4,4,4,4,4,4,4,1,1,4,4,4,4,4,4,4,4,4,4,4,1,4,4,4,4,4,4,1,4,4,4,4,4,4,4,1,4,4,4,4,1,4,4,1,4,1,4,4,1,4,4,4,4,4,4,4,4,4,4,4,4,4,4,4,4,4,4,4,4,4,4,4,4,4,1,4,4,4,55
IRN,47,2,2,1,2,2,4,2,2,2,2,4,2,2,1,2,2,2,2,2,2,2,4,2,2,2,2,2,2,1,2,2,2,2,2,2,2,4,1,2,2,2,2,2,2,2,2,2,2,2,2,2,4,2,2,2,2,2,2,2,2,1,2,4,2,2,2,2,2,2,2,2,4,2,2,2,2,2,2,3,2,3,5,2,2,2,1,2,2,2,2,2,2,2,2,2,2,2,2,4,2,2,3,2,2,2,2,2,2,2,2,2,2,2,2,2,2,2,2,4,2,2,2,2,2,2,4,2,2,2,2,2,2,2,2,2,2,2,2,2,2,2,1,2,2,2,2,2,2,2,2,2,2,2,2,2,2,2,2,2,2,2,2,2,2,1,2,2,2,2,4,2,2,2,2,2,2,2,2,2,4,2,2,2,2,2,2,1,2,2,2,2,4,2,2,2,1,2,2,2,85
IRQ,36,1,1,1,1,1,1,1,1,1,1,1,1,1,1,1,1,1,1,1,1,1,1,1,1,1,1,1,1,1,1,1,1,1,1,1,1,1,1,1,1,1,1,1,1,1,1,1,1,1,1,1,1,1,1,1,1,1,1,1,1,1,1,1,1,1,1,1,1,1,1,1,1,1,1,1,1,1,1,1,1,5,1,1,1,1,1,1,1,1,1,1,1,1,1,1,1,1,1,2,1,1,1,1,1,1,1,1,1,1,1,1,1,1,1,1,1,1,1,1,1,1,1,1,1,1,1,1,1,1,1,1,1,1,1,1,1,1,1,1,1,1,1,1,1,1,1,1,1,1,1,1,1,1,1,1,1,1,1,1,1,1,1,1,1,1,1,1,1,1,1,1,1,1,1,1,1,1,1,1,4,1,1,1,1,1,1,1,1,1,1,1,1,1,1,1,1,1,1,1,90
IRL,168,4,4,1,4,1,1,1,4,4,4,1,1,4,1,4,1,4,1,1,1,4,4,4,4,1,4,1,4,4,1,1,1,4,1,4,1,1,1,4,1,1,4,4,4,1,4,4,1,1,1,4,1,1,4,1,4,4,1,4,1,4,4,1,1,1,1,1,4,4,1,4,4,4,4,1,4,1,5,4,1,1,1,4,4,1,1,4,1,1,1,4,1,4,1,4,1,1,1,1,4,4,1,1,4,4,4,4,1,1,4,1,1,1,1,1,1,1,1,4,1,4,1,4,1,4,4,1,1,1,1,4,4,4,1,4,4,1,4,1,1,1,1,4,1,4,1,4,1,1,4,1,1,1,1,4,4,1,4,4,4,4,1,4,1,1,1,1,1,4,1,4,1,1,1,1,1,1,1,4,1,4,4,4,1,1,1,4,4,1,4,4,1,1,4,4,1,4,1,1,3
ISR,148,4,1,1,1,4,1,1,4,4,4,1,1,4,1,4,1,4,1,1,1,1,1,4,4,1,4,4,4,4,1,4,1,4,1,4,1,1,4,4,1,1,4,4,4,1,4,4,4,1,4,4,1,1,4,1,4,4,4,4,1,4,4,4,1,1,1,1,4,4,1,1,4,4,4,4,4,1,4,5,1,1,1,4,4,4,1,4,1,1,1,1,1,4,1,4,1,1,1,1,4,4,1,1,4,4,4,4,1,1,4,4,4,1,1,4,1,1,4,4,1,4,4,1,4,4,1,1,1,1,1,1,4,4,1,4,4,1,4,4,4,4,1,4,1,4,4,4,1,1,4,4,4,1,1,4,1,1,4,4,4,4,1,4,1,1,4,1,1,4,1,4,1,1,1,1,1,1,1,4,1,4,1,4,1,4,1,4,4,1,4,4,1,1,4,1,1,4,1,1,16
ITA,168,4,4,1,4,4,1,1,4,4,4,1,4,4,1,4,1,4,1,1,1,4,1,4,4,1,1,1,1,4,1,1,1,4,1,4,1,1,4,4,1,1,4,4,4,1,4,4,1,1,1,4,1,1,4,1,4,1,4,4,1,4,4,4,1,1,1,1,4,4,1,1,4,4,4,1,4,1,4,4,1,1,1,4,5,1,1,4,1,1,1,4,1,4,1,4,1,1,1,1,4,4,1,1,1,4,4,4,1,1,4,4,4,1,4,4,1,1,1,4,1,4,4,1,1,4,4,1,1,1,1,4,4,4,1,1,4,1,4,4,1,1,1,4,1,4,4,4,1,1,4,4,1,1,1,4,4,1,4,4,4,4,1,4,1,1,1,1,1,4,1,1,1,1,1,1,4,1,1,4,1,4,4,4,1,4,1,4,4,1,4,4,4,1,4,4,1,1,1,1,3
JAM,92,2,1,1,4,2,2,1,4,4,4,2,2,4,4,4,1,2,1,1,1,4,4,4,4,1,4,2,4,4,1,1,1,4,1,4,1,4,4,4,1,1,4,4,4,1,4,4,1,1,4,4,1,1,4,1,4,4,1,4,1,4,4,2,4,4,1,1,4,4,1,4,4,1,2,1,4,1,4,4,4,1,1,4,4,5,1,4,4,2,1,4,1,4,1,4,1,2,1,1,4,4,1,1,4,4,4,4,1,1,4,2,2,1,1,2,1,1,1,1,1,4,4,4,4,4,4,4,4,1,1,1,4,4,1,4,4,1,4,4,4,1,1,4,1,4,1,4,1,2,2,2,4,1,1,4,4,1,4,4,4,4,4,4,1,1,4,1,1,4,1,4,1,1,1,2,1,2,1,4,4,4,4,2,4,4,4,4,4,2,1,4,4,1,4,4,1,4,4,1,47
JPN,168,4,3,1,1,1,1,1,4,4,4,1,1,4,1,4,1,4,1,1,1,4,1,1,4,1,1,1,1,4,1,1,1,4,1,4,1,1,1,4,1,1,4,4,4,1,4,1,4,1,1,4,1,1,4,1,4,1,1,4,1,4,1,1,1,1,1,1,4,4,1,1,4,4,4,1,4,5,4,4,1,1,1,4,4,1,1,5,1,1,1,1,1,1,1,4,1,1,1,1,1,4,1,1,4,4,4,4,1,1,4,1,1,1,1,4,1,1,1,4,1,4,4,1,1,4,4,1,1,1,1,1,4,4,1,1,4,1,1,1,1,1,1,4,1,4,1,1,1,1,4,4,1,1,1,1,1,1,4,4,4,4,1,4,1,1,4,1,1,4,1,1,1,1,4,1,1,1,4,1,4,1,1,4,1,1,1,4,4,1,1,1,1,1,1,1,1,1,1,1,3
JOR,62,2,4,1,2,1,2,1,2,2,2,2,2,2,1,2,1,2,4,1,1,2,2,2,2,2,1,2,1,2,1,1,1,2,1,2,1,2,1,2,1,2,2,2,2,1,2,2,2,2,2,2,4,1,2,1,2,2,1,2,1,2,2,2,2,1,1,1,2,2,1,2,2,2,2,2,2,2,2,2,2,1,1,2,2,2,5,2,2,2,1,2,1,2,2,2,4,2,1,4,2,2,1,1,2,2,2,2,1,2,2,1,2,1,2,2,1,2,1,2,1,2,2,2,2,2,2,1,1,1,1,2,2,2,1,2,2,4,2,2,1,1,1,2,4,2,2,2,4,2,2,2,2,2,4,2,2,1,2,2,2,2,1,2,1,1,2,1,2,2,1,2,1,1,2,2,2,2,2,2,4,2,2,2,1,2,1,2,2,2,2,2,2,1,1,2,1,2,1,2,73
KAZ,84,3,4,1,3,1,4,3,4,4,4,4,1,3,3,4,3,4,4,3,3,3,3,4,3,3,3,4,3,4,1,3,3,4,3,4,3,3,4,3,3,1,4,4,4,3,4,3,3,3,4,4,1,3,4,3,4,3,1,4,3,4,3,4,3,3,3,1,4,3,3,3,4,3,4,3,4,4,4,4,3,1,1,4,4,3,1,4,3,4,3,3,3,3,3,4,4,5,3,3,3,4,3,3,3,4,4,4,1,3,4,4,3,3,3,3,3,3,4,3,3,4,3,3,3,4,4,3,3,3,3,3,4,4,3,3,4,4,3,3,3,4,1,4,1,4,3,3,4,1,4,4,4,3,4,1,3,1,4,4,4,4,3,3,3,1,3,1,3,3,1,3,3,3,4,4,1,3,3,3,4,3,3,1,3,4,3,4,3,4,4,3,3,4,3,3,1,3,3,3,53
KEN,74,3,3,1,3,3,1,3,3,3,3,1,3,4,3,3,3,3,3,4,3,4,3,3,4,3,4,3,4,3,3,3,3,3,3,3,3,3,3,3,3,3,4,3,3,3,3,4,3,3,3,3,3,1,3,4,3,4,3,3,3,3,4,3,4,4,3,3,3,3,3,3,3,3,3,3,3,3,3,3,3,1,3,3,3,4,3,3,5,3,3,4,3,4,1,3,3,3,3,1,4,3,3,3,4,3,3,3,1,3,3,3,3,3,3,3,3,3,3,3,3,3,4,4,4,3,4,3,4,3,3,3,3,3,3,4,3,3,3,3,4,3,3,3,1,3,3,3,3,1,3,3,3,4,3,4,4,3,3,4,3,3,4,4,3,1,3,3,3,3,1,4,3,3,3,1,3,3,3,4,3,4,4,3,4,3,4,3,3,3,3,4,3,3,4,4,1,4,4,4,62
KIR,121,1,1,1,4,1,1,1,1,4,4,1,1,4,1,4,1,4,1,1,1,1,1,1,4,1,1,1,4,4,1,1,1,4,1,1,1,1,1,1,1,1,4,4,4,1,4,1,1,1,1,4,1,1,4,1,4,4,4,4,1,4,4,1,1,1,1,1,4,1,1,1,4,1,4,1,4,1,4,1,1,1,1,4,4,4,1,4,4,1,1,5,1,4,1,4,1,1,1,1,4,4,1,1,4,4,4,4,1,1,1,1,1,1,4,1,1,1,1,4,1,4,4,1,4,1,4,1,1,1,1,1,4,4,1,4,4,1,1,1,1,1,1,4,1,4,4,1,1,1,4,1,1,1,1,4,4,1,4,4,4,4,4,1,1,1,1,1,1,1,1,1,1,1,1,1,1,1,4,4,1,4,4,4,1,1,1,4,1,1,1,4,1,1,4,4,1,1,4,4,35
KOS,50,4,4,1,4,4,1,1,4,4,4,1,1,4,1,4,1,4,4,1,1,4,1,4,4,1,4,1,4,4,1,1,1,4,1,4,1,1,4,4,1,1,4,4,4,1,4,4,1,1,1,4,1,1,4,1,4,4,4,4,1,4,4,1,1,1,1,1,4,4,1,4,4,4,4,1,4,1,4,4,1,1,1,4,4,1,4,4,1,1,1,4,1,4,1,4,4,1,1,1,4,4,1,1,4,4,4,4,1,1,4,1,4,1,4,4,1,1,1,4,1,4,4,4,4,4,4,1,4,1,1,4,4,4,1,4,4,4,4,1,4,1,1,4,1,4,4,4,4,5,4,4,1,1,4,4,4,1,4,4,4,4,1,4,1,1,1,1,4,4,1,4,1,1,1,1,4,1,1,4,4,4,4,4,1,1,1,4,4,1,4,4,4,1,4,4,1,4,1,1,82
KWT,100,2,4,1,1,1,1,1,1,2,2,1,1,1,1,2,1,2,4,1,1,2,1,1,1,2,1,1,1,2,1,1,1,2,1,1,1,1,1,1,1,1,2,2,2,1,2,1,1,1,1,2,1,1,2,1,2,1,1,2,1,2,1,2,1,1,1,1,2,1,1,1,2,1,2,1,2,1,2,1,1,1,1,2,2,1,1,2,1,1,2,1,1,1,1,2,5,1,2,1,1,2,1,1,1,2,2,2,1,1,2,1,1,1,1,1,1,1,1,1,1,2,1,1,1,1,2,1,1,1,1,1,2,2,1,1,2,4,1,1,1,1,1,2,1,2,1,1,4,1,2,3,1,1,4,1,1,1,2,2,2,2,1,2,1,1,1,1,1,1,1,2,1,1,1,1,1,1,1,1,2,1,1,1,1,3,1,2,1,1,2,1,1,2,1,1,1,1,1,1,42
KGZ,72,4,4,3,3,2,4,3,4,4,4,4,4,3,3,4,3,2,4,3,3,4,3,4,3,3,3,4,3,4,3,3,3,4,3,4,3,3,3,3,4,3,2,4,4,3,4,3,3,3,3,4,3,3,4,3,4,3,3,4,3,4,3,4,3,3,3,3,4,3,3,3,3,3,4,3,4,2,4,2,3,3,3,4,4,3,3,4,3,5,3,3,3,3,4,4,4,4,3,3,3,4,3,3,3,4,4,4,3,3,4,4,4,3,3,2,3,3,4,3,3,4,3,3,3,2,4,3,3,3,3,3,4,4,3,3,4,4,3,3,3,2,3,4,3,4,3,3,3,3,2,4,4,3,4,3,3,3,4,4,4,4,3,4,3,3,3,3,3,3,3,3,3,3,2,4,3,3,3,3,4,3,3,3,3,4,3,4,3,4,4,3,2,4,3,3,3,2,3,3,64
LAO,59,2,2,1,2,2,2,2,2,2,2,2,2,2,1,2,2,2,2,1,2,4,2,2,2,2,2,2,2,2,2,2,1,4,1,2,1,2,2,2,2,2,2,2,2,2,2,2,2,1,2,2,2,2,2,2,2,2,2,2,2,2,2,2,1,2,2,2,2,2,1,2,2,2,2,2,2,4,2,2,2,2,2,2,2,2,1,4,2,2,4,2,2,2,2,4,2,2,5,2,2,2,2,1,1,2,4,2,1,2,2,2,2,2,2,2,2,4,4,2,2,2,2,2,2,2,4,1,2,1,1,2,2,2,2,1,2,2,2,2,2,4,1,2,2,2,2,2,2,2,2,2,4,2,2,2,2,1,2,4,2,2,1,2,1,2,1,2,2,2,1,1,2,2,4,2,2,2,2,1,2,2,2,2,2,2,2,2,2,2,2,2,2,4,2,2,2,2,1,1,75
LVA,164,4,4,1,4,4,1,1,4,4,4,1,4,4,1,4,1,4,1,1,1,4,1,4,4,1,1,1,1,4,1,1,1,4,1,4,1,1,4,4,1,1,4,4,4,1,4,4,1,1,1,4,1,1,4,1,4,1,4,4,1,4,4,4,1,1,1,1,4,4,1,1,4,4,4,1,4,1,4,4,1,1,1,4,4,1,1,4,1,1,1,4,1,4,1,4,1,1,1,1,4,4,1,1,1,4,4,5,1,1,4,4,4,1,4,4,1,1,1,4,1,4,4,1,1,4,4,1,1,1,1,4,4,4,1,1,4,1,4,4,1,1,1,4,1,4,4,4,1,1,4,4,1,1,1,4,4,1,4,4,4,4,1,4,1,1,1,1,1,4,1,1,1,1,1,1,4,1,1,4,1,4,4,4,1,4,1,4,4,1,4,4,4,1,4,4,1,1,1,1,7
LBN,50,2,4,1,2,1,2,1,2,2,2,2,1,2,1,2,1,2,4,1,1,1,1,2,2,2,1,2,2,2,1,1,1,2,2,2,1,2,1,2,1,1,2,2,2,2,2,1,2,2,1,2,2,1,2,1,2,1,1,2,1,2,1,2,2,1,1,1,2,1,1,1,2,1,2,1,2,1,2,1,1,2,2,2,2,1,4,2,1,2,1,1,2,2,1,2,4,2,1,5,1,2,1,1,1,2,2,2,2,2,2,2,2,1,1,2,1,1,1,2,2,2,1,1,1,2,2,1,1,1,2,1,2,2,1,1,2,4,2,2,1,1,1,2,1,2,1,2,4,1,2,2,2,1,4,1,1,2,2,2,2,2,1,2,1,2,1,1,1,1,2,1,1,1,1,2,1,2,2,1,2,1,1,1,1,2,1,2,2,2,1,1,2,1,1,2,2,1,1,1,82
LSO,79,3,3,3,4,3,3,3,3,4,4,3,3,4,4,4,3,3,3,3,3,4,3,3,4,3,4,3,4,4,3,3,3,4,3,3,4,3,3,3,3,3,3,4,4,3,4,4,3,3,3,3,3,3,4,3,4,4,3,4,3,4,4,3,3,4,3,3,3,3,3,4,4,3,3,3,3,3,4,4,3,3,3,4,4,4,3,4,4,3,3,4,3,4,3,4,3,3,3,3,4,3,4,3,5,3,4,3,3,3,3,3,3,3,3,3,3,3,3,3,3,3,4,4,4,3,4,3,4,3,3,3,4,4,3,4,4,3,3,3,4,3,3,3,3,4,3,3,3,3,3,3,3,3,3,4,4,3,4,4,3,3,4,4,3,3,3,3,3,3,3,4,3,3,3,3,3,3,3,4,3,4,4,3,4,3,4,4,3,3,3,4,3,3,4,4,3,4,4,4,58
LBR,55,1,2,1,1,1,1,1,1,1,1,1,1,1,1,1,4,1,1,1,4,1,1,1,1,1,1,1,1,1,1,1,1,1,4,1,1,1,1,1,1,4,1,1,1,1,1,1,1,1,1,1,1,1,1,1,1,1,1,1,1,1,1,1,4,4,4,1,1,1,4,1,1,1,1,1,1,1,1,1,1,1,1,1,1,1,1,1,1,1,1,1,1,1,1,1,1,1,1,1,1,1,1,5,1,1,1,1,1,1,1,1,1,1,1,1,4,1,1,1,1,1,1,1,1,1,1,1,1,4,4,1,1,1,1,1,1,1,1,1,1,1,1,1,1,1,1,1,1,1,1,1,1,1,1,1,1,1,1,1,1,1,4,1,4,1,1,1,1,1,1,1,1,4,1,1,1,1,1,1,1,1,1,1,1,1,1,1,1,1,1,1,1,1,1,1,1,1,1,1,78
LBY,47,1,1,1,1,1,1,1,1,1,1,1,1,1,1,1,1,1,1,1,1,1,1,1,1,1,1,1,1,1,1,1,1,1,1,1,1,1,1,1,1,1,1,1,1,1,1,1,1,1,1,1,1,1,1,1,1,1,1,1,1,1,1,1,1,1,1,1,1,1,1,1,1,1,1,1,1,1,1,1,1,1,1,1,1,1,4,1,1,1,1,1,1,1,1,1,1,1,1,1,1,1,1,1,1,1,1,1,5,1,1,1,1,1,1,1,1,1,1,1,1,1,1,1,1,1,1,1,1,1,1,1,1,1,1,1,1,1,1,1,1,1,1,1,1,1,1,1,1,1,1,1,1,1,1,1,1,1,1,1,1,1,1,1,1,1,1,1,1,1,1,1,1,1,1,1,1,1,4,1,2,1,1,1,1,1,1,1,1,1,1,1,1,1,1,1,1,1,1,1,85
LIE,159,4,4,1,4,4,1,1,4,4,4,1,4,4,1,4,1,4,1,1,1,4,1,4,4,1,1,1,1,4,1,1,1,4,1,4,1,1,4,4,1,1,4,4,4,1,4,4,1,1,1,4,1,1,4,1,4,1,4,4,1,4,4,4,1,1,1,1,4,4,1,1,4,4,4,1,4,1,4,4,1,1,1,4,4,1,1,4,1,1,1,4,1,4,1,4,1,1,1,1,4,5,1,1,1,4,4,4,1,1,4,4,4,1,4,4,1,1,1,4,1,4,4,1,1,4,4,1,1,1,1,4,4,4,1,1,4,1,4,4,1,1,1,4,1,4,4,4,1,1,4,4,1,1,1,4,4,1,4,4,4,4,1,4,1,1,1,1,1,4,1,1,1,1,1,1,4,1,1,4,1,4,4,4,1,4,1,4,4,1,4,4,4,1,4,4,1,1,1,1,11
LTU,166,4,4,1,4,4,1,1,4,4,4,1,4,4,1,4,1,4,1,1,1,4,1,4,4,1,1,1,1,4,1,1,1,4,1,4,1,1,4,4,1,1,4,4,4,1,4,4,1,1,1,4,1,1,4,1,4,1,4,4,1,4,4,4,1,1,1,1,4,4,1,1,4,4,4,1,4,1,4,4,1,1,1,4,4,1,1,4,1,1,1,4,1,4,1,4,1,1,1,1,4,4,1,1,1,5,4,4,1,1,4,4,4,1,4,4,1,1,1,4,1,4,4,1,1,4,4,1,1,1,1,4,4,4,1,1,4,1,4,4,1,1,1,4,1,4,4,4,1,1,4,4,1,1,1,4,4,1,4,4,4,4,1,4,1,1,1,1,1,4,1,1,1,1,1,1,4,1,1,4,1,4,4,4,1,4,1,4,4,1,4,4,4,1,4,4,1,1,1,1,5
LUX,169,4,4,1,4,4,1,1,4,4,4,1,4,4,1,4,1,4,1,1,1,4,1,4,4,1,1,1,1,4,1,1,1,4,1,4,1,1,4,4,1,1,4,4,4,1,4,4,1,1,1,4,1,1,4,1,4,1,4,4,1,4,4,4,1,1,1,1,4,4,1,1,4,4,4,1,4,1,4,4,1,1,1,4,4,1,1,4,1,1,1,4,1,4,1,4,1,1,1,1,4,4,1,1,1,4,5,4,1,1,4,4,4,1,4,4,1,1,1,4,1,4,4,1,1,4,4,1,1,1,1,4,4,4,1,1,4,1,4,4,1,1,1,4,1,4,4,4,1,1,4,4,1,1,1,4,4,1,4,4,4,4,1,4,1,1,1,1,1,4,1,1,1,1,1,1,4,1,1,4,1,4,4,4,1,4,1,4,4,1,4,4,4,1,4,4,1,1,1,1,2
MAC,135,4,2,2,2,4,4,2,2,4,4,2,4,2,1,4,2,4,2,2,2,4,2,4,2,2,2,4,2,4,2,2,2,4,2,4,2,2,2,2,2,4,4,4,4,2,4,4,2,2,2,4,4,2,4,2,4,2,2,4,2,4,4,2,2,2,2,2,4,2,2,2,4,2,4,2,4,4,4,4,4,2,2,4,4,2,2,4,2,2,2,4,2,2,2,4,2,2,2,4,2,4,1,2,2,4,4,4,2,4,4,4,4,2,2,4,4,2,4,5,2,4,4,2,2,4,4,2,4,2,1,2,4,4,1,2,4,2,2,2,2,4,1,4,2,4,2,2,2,2,4,4,4,2,2,2,4,2,4,4,4,4,2,4,2,2,2,2,2,2,2,2,2,2,4,2,2,2,2,2,4,2,2,4,4,2,2,4,4,2,2,2,2,1,2,4,2,4,2,2,25
MDG,64,2,2,2,2,2,2,2,2,2,2,2,2,2,2,2,2,2,2,2,2,2,2,2,2,2,2,2,2,2,2,2,2,2,2,2,2,2,2,2,2,2,2,2,2,2,2,2,2,2,2,2,2,2,2,2,2,2,2,2,2,2,2,2,2,2,2,2,2,2,2,2,2,2,2,2,2,2,2,2,2,2,2,2,2,2,2,2,2,2,2,2,2,2,2,2,2,2,2,2,2,2,2,2,2,2,2,2,2,2,2,2,2,5,2,2,2,2,2,2,2,2,2,2,2,2,2,2,2,2,2,2,2,2,2,2,2,2,2,2,2,2,2,2,2,2,2,2,2,2,2,2,2,2,2,2,2,2,2,2,2,2,2,2,2,2,2,2,2,2,2,2,2,2,2,2,2,2,2,2,2,2,2,2,2,2,2,2,2,2,2,2,2,2,2,2,2,2,2,2,71
MWI,76,2,2,3,4,2,2,3,2,2,2,2,2,4,3,2,3,2,2,3,2,2,2,2,4,2,4,2,4,2,3,3,2,2,2,2,3,2,3,2,3,2,2,2,2,3,2,4,2,3,2,2,3,3,2,3,2,4,2,2,2,2,4,2,3,4,2,2,2,2,2,2,4,2,2,2,2,2,2,4,3,3,3,2,2,4,2,2,4,2,2,4,4,4,2,2,2,3,2,3,4,2,3,3,4,2,2,2,3,3,2,2,2,2,2,2,3,2,2,2,3,2,4,2,5,2,4,4,4,3,3,2,2,2,3,4,2,3,2,2,2,2,3,2,3,2,2,2,3,3,2,3,3,3,2,2,4,3,2,2,2,2,2,2,3,3,2,3,2,2,3,4,3,3,2,3,2,3,3,2,3,4,4,2,4,3,4,2,2,3,2,4,2,2,2,4,3,4,4,4,60
MYS,162,4,4,1,4,4,4,1,4,4,4,4,4,4,3,4,1,4,4,1,4,4,4,4,4,3,4,4,4,4,1,1,1,4,1,4,1,3,1,4,4,4,4,4,4,1,4,4,4,4,4,4,4,1,4,1,4,4,1,4,4,4,4,4,1,4,4,1,4,4,1,4,4,4,4,4,4,4,4,1,3,4,4,4,4,4,4,4,4,4,4,4,4,4,1,4,4,4,4,4,4,4,3,1,4,4,4,4,4,4,4,4,3,4,4,4,1,3,4,4,4,4,4,4,4,4,5,1,4,1,1,4,4,4,3,4,4,4,4,4,4,4,3,4,4,4,4,4,4,1,4,3,4,1,4,4,4,4,4,4,4,4,4,4,4,4,4,4,4,4,4,4,4,4,4,4,4,4,4,4,4,4,4,4,4,4,4,4,4,4,4,4,4,4,4,4,4,4,4,4,9
MDV,89,2,2,2,2,2,2,2,2,2,2,2,2,2,2,2,2,2,2,2,2,2,2,2,2,2,2,2,2,2,2,2,2,2,2,2,2,2,2,2,2,2,2,2,2,2,2,2,2,2,2,2,2,2,2,2,2,2,2,2,2,2,2,2,2,2,2,2,2,2,2,2,2,2,2,2,2,2,2,2,2,2,2,2,2,2,2,2,2,2,2,2,2,2,2,2,2,2,2,2,2,2,2,2,2,2,2,2,2,2,2,2,2,2,2,2,2,2,2,2,2,2,2,5,2,2,2,2,2,2,2,2,2,2,2,2,2,2,2,2,2,2,2,2,2,2,2,2,2,2,2,2,4,2,2,2,2,2,2,2,2,2,2,2,2,2,2,2,2,2,2,2,2,2,2,2,2,2,2,2,2,2,2,2,2,2,2,2,2,2,2,2,2,2,2,2,2,2,2,2,49
MLI,59,1,4,1,1,1,1,1,1,1,1,1,1,1,1,1,4,1,1,1,4,1,1,1,1,1,1,1,1,1,1,1,1,1,4,1,4,1,1,1,1,4,1,1,1,1,1,1,1,4,1,1,1,1,1,1,1,1,1,1,1,1,1,1,4,4,4,1,1,1,4,1,1,1,1,1,1,4,1,1,1,1,1,1,1,1,1,1,1,1,1,1,1,1,1,1,1,1,1,1,1,1,1,4,1,1,1,1,1,4,1,1,1,1,1,1,5,1,1,4,4,1,1,1,1,1,1,1,1,4,4,1,1,1,1,1,1,1,1,1,1,1,1,1,1,1,1,1,1,1,1,1,1,2,1,1,1,1,1,1,1,1,4,1,4,1,1,1,1,1,1,1,4,4,1,1,1,1,4,1,1,1,1,1,1,1,1,1,1,1,1,1,1,1,1,1,1,1,1,1,75
MLT,167,4,4,1,4,4,1,1,4,4,4,1,4,4,1,4,1,4,1,1,1,4,1,4,4,1,1,1,1,4,1,1,1,4,1,4,1,1,4,4,1,1,4,4,4,1,4,4,1,1,1,4,1,1,4,1,4,1,4,4,1,4,4,4,1,1,1,1,4,4,1,1,4,4,4,1,4,1,4,4,1,1,1,4,4,1,1,4,1,1,1,4,1,4,1,4,1,1,1,1,4,4,1,1,1,4,4,4,1,1,4,4,4,1,4,4,1,1,1,4,1,5,4,1,1,4,4,1,1,1,1,4,4,4,1,1,4,1,4,4,1,1,1,4,1,4,4,4,1,1,4,4,1,1,1,4,4,1,4,4,4,4,1,4,1,1,1,1,1,4,1,1,1,1,1,1,4,1,1,4,1,4,4,4,1,4,1,4,4,1,4,4,4,1,4,4,1,1,1,1,4
MHL,120,2,2,1,1,1,1,1,2,4,2,2,1,2,1,4,1,4,1,1,1,2,1,2,1,1,1,1,2,2,1,1,1,2,1,2,1,1,2,2,2,2,4,4,4,1,4,1,1,1,1,4,2,1,4,1,4,2,4,4,1,4,1,2,1,1,1,1,4,2,1,1,1,1,4,1,4,2,4,2,2,1,1,2,4,1,1,2,1,2,2,2,1,1,1,2,2,2,1,1,1,1,1,1,1,4,4,4,1,2,2,1,1,1,5,1,1,1,2,1,1,4,2,2,1,2,2,1,1,1,1,1,4,4,1,2,2,1,1,2,2,2,1,4,1,4,4,1,1,2,4,1,2,1,1,2,2,1,4,2,4,4,1,1,1,1,1,1,1,1,1,1,1,1,2,2,1,2,1,2,2,1,2,4,1,2,1,4,2,1,2,2,1,2,2,2,1,2,1,1,36
MRT,62,2,2,2,2,2,2,2,2,2,2,2,2,2,2,2,2,2,2,2,2,2,2,2,2,2,2,2,2,2,2,2,2,2,4,2,2,2,2,2,2,2,2,2,2,2,2,2,2,4,2,2,2,2,2,2,2,2,2,2,2,2,2,2,2,4,2,2,2,2,2,2,2,2,2,2,2,2,2,2,2,2,2,2,2,2,2,2,2,2,2,2,2,2,2,2,2,2,2,2,2,2,2,2,2,2,2,2,4,2,2,2,2,2,2,2,4,2,2,2,5,2,2,2,2,2,2,2,2,4,2,2,2,2,2,2,2,2,2,2,2,2,2,2,2,2,2,2,2,2,2,2,2,2,2,2,2,2,2,2,2,2,2,2,4,2,2,2,2,2,1,2,2,2,2,2,2,2,4,2,2,2,2,2,2,2,2,2,2,2,2,2,2,2,2,2,2,2,2,2,73
MUS,134,2,4,1,4,2,2,4,4,4,4,2,2,4,1,4,2,4,4,4,4,4,2,4,4,2,4,2,4,4,4,2,4,4,2,4,2,4,2,2,2,4,4,4,4,2,4,4,2,2,2,4,4,2,4,2,4,4,2,4,4,4,4,4,4,4,2,2,4,2,2,4,4,2,4,2,4,2,4,4,4,1,1,4,4,4,2,4,4,2,2,4,2,4,1,4,4,2,1,2,4,4,2,2,4,4,4,4,1,2,4,2,2,2,2,2,1,2,2,4,2,4,5,4,4,4,4,4,4,2,2,2,4,4,2,4,4,4,2,2,4,2,1,4,1,4,2,4,4,1,4,2,4,4,4,4,4,1,4,4,4,4,4,4,2,1,4,1,2,2,1,4,4,2,2,2,2,2,4,4,4,4,4,2,4,4,4,4,2,2,4,4,2,2,4,4,1,4,4,4,26
MEX,148,4,4,1,1,1,1,1,4,4,4,1,1,4,1,4,1,4,1,1,1,1,1,4,4,1,1,1,4,4,1,1,1,4,1,4,1,1,4,4,1,1,4,4,4,1,4,1,1,1,4,4,1,1,4,1,4,1,4,4,1,4,1,1,1,1,1,1,4,1,1,1,4,1,4,1,4,1,4,4,1,1,1,4,4,4,1,4,1,1,1,1,1,1,1,4,1,1,1,1,1,4,1,1,1,4,4,4,1,1,4,1,1,1,4,1,1,1,1,4,1,4,1,1,1,5,4,1,1,1,1,1,4,4,1,1,4,1,4,4,1,1,1,4,1,4,4,4,1,1,4,1,3,1,1,1,1,1,4,4,4,4,1,4,1,1,1,1,1,1,1,1,1,1,1,1,1,1,1,1,3,4,1,1,1,3,1,4,4,1,1,1,4,1,1,1,1,1,1,1,16
FSM,114,4,4,4,4,4,4,4,4,4,4,4,4,4,4,4,4,4,4,4,4,4,4,4,4,4,4,4,4,4,4,4,4,4,4,4,4,4,4,4,4,4,4,4,4,4,4,4,4,4,4,4,4,4,4,4,4,4,5,4,4,4,4,4,4,4,4,4,4,4,4,4,4,4,4,4,4,4,4,4,4,4,4,4,4,4,4,4,4,4,4,4,4,4,4,4,4,4,4,4,4,4,4,4,4,4,4,4,4,4,4,4,4,4,4,4,4,4,4,4,4,4,4,4,4,4,4,4,4,4,4,4,4,4,4,4,4,4,4,4,4,4,4,4,4,4,4,4,4,4,4,4,4,4,4,4,4,4,4,4,4,4,4,4,4,4,4,4,4,4,4,4,4,4,4,4,4,4,4,4,4,4,4,4,4,4,4,4,4,4,4,4,4,4,4,4,4,4,4,4,40
MDA,116,4,4,3,4,4,4,3,4,4,4,4,4,4,3,4,3,4,3,3,3,4,3,4,4,3,3,4,3,4,3,3,3,4,3,4,3,3,4,4,3,3,4,4,4,3,4,4,3,3,4,4,3,3,4,3,4,3,4,4,3,4,4,4,3,3,3,3,4,4,3,3,4,4,4,3,4,3,4,4,3,3,3,4,4,3,3,4,3,4,3,4,3,4,3,4,3,4,3,3,4,4,3,3,3,4,4,4,3,3,4,5,4,3,4,4,3,3,3,4,3,4,4,3,3,4,4,3,3,3,3,4,4,4,3,3,4,3,4,4,3,3,3,4,3,4,4,4,3,3,4,4,4,3,3,4,4,1,4,4,4,4,3,4,3,3,3,3,3,4,3,3,3,3,3,4,4,3,3,4,4,4,3,3,3,4,3,4,4,4,4,4,4,3,4,4,3,3,1,1,39
MCO,161,4,4,1,4,4,1,1,4,4,4,1,4,4,1,4,1,4,1,1,1,4,1,4,4,1,1,1,1,4,1,1,1,4,1,4,1,1,4,4,1,1,4,4,4,1,4,4,1,1,1,4,1,1,4,1,4,1,4,4,1,4,4,4,1,1,1,1,4,4,1,1,4,4,4,1,4,1,4,4,1,1,1,4,4,1,1,4,1,1,1,4,1,4,1,4,1,1,1,1,4,4,1,1,1,4,4,4,1,1,5,4,4,1,4,4,1,1,1,4,1,4,4,1,1,4,4,1,1,1,1,4,4,4,1,1,4,1,4,4,1,1,1,4,1,4,4,4,1,1,4,4,1,1,1,4,4,1,4,4,4,4,1,4,1,1,1,1,1,4,1,1,1,1,1,1,4,1,1,4,1,4,4,4,1,4,1,4,4,1,4,4,4,1,4,4,1,1,1,1,10
MNG,73,1,2,1,1,1,1,1,4,1,1,1,1,1,1,1,1,1,1,1,1,1,1,4,1,1,1,4,1,4,1,1,1,1,1,4,1,1,1,1,4,1,2,1,4,1,2,1,1,1,1,2,1,1,2,1,2,1,1,1,1,1,1,1,1,1,1,1,2,1,1,1,4,1,2,1,1,1,2,4,1,1,1,1,1,1,1,4,1,4,1,1,1,1,1,1,2,4,4,1,1,1,1,1,1,2,2,2,1,1,1,1,1,1,1,1,1,1,5,4,1,2,1,1,1,1,4,1,1,1,1,1,2,1,1,1,1,1,1,1,1,4,1,1,1,2,1,1,2,1,2,4,4,1,1,1,1,1,1,4,2,2,1,1,1,1,1,1,1,1,1,1,1,1,4,1,1,1,1,1,4,1,1,1,1,4,1,4,4,1,1,1,1,1,1,1,1,1,1,1,63
MNE,121,4,4,1,4,4,4,1,4,4,4,4,4,4,1,4,1,4,1,1,1,4,1,4,4,1,1,4,1,4,1,1,1,4,1,4,1,1,4,4,4,1,4,4,4,1,4,4,1,1,4,4,1,1,4,1,4,1,1,4,1,4,4,4,1,1,1,1,4,4,1,1,4,4,4,1,4,1,4,4,1,1,1,4,4,1,1,4,1,1,1,1,1,4,1,4,4,4,1,1,4,4,1,1,1,4,4,4,1,1,4,4,5,1,1,4,1,1,1,4,1,4,4,1,1,4,4,1,1,1,1,4,4,4,1,1,4,1,4,4,1,1,1,4,1,4,1,4,4,4,4,4,4,1,1,1,4,1,4,4,4,4,1,4,1,1,1,1,1,4,1,1,1,1,1,1,4,1,1,1,4,4,1,4,1,4,1,4,4,1,4,4,4,1,4,4,1,1,1,1,35
MAR,71,4,4,1,1,1,1,1,4,4,4,1,1,1,1,4,1,4,4,1,1,1,1,4,1,1,1,1,1,4,1,1,3,4,4,4,1,4,1,1,1,1,4,4,4,1,4,1,1,4,1,4,1,1,4,1,4,1,1,4,4,4,1,1,1,1,3,1,4,1,1,1,4,1,4,1,4,4,4,1,1,1,1,4,4,1,1,4,1,1,1,1,1,1,1,4,4,1,1,1,1,4,1,1,1,4,4,4,1,5,4,1,1,1,1,1,3,1,1,4,1,4,1,1,1,4,4,1,1,4,1,1,4,4,1,1,4,4,1,4,1,4,1,4,1,4,1,1,4,1,4,1,4,1,4,1,1,1,4,4,4,4,1,4,4,1,1,1,1,1,1,1,1,1,1,1,1,1,4,1,4,1,1,1,1,1,1,4,1,1,1,1,1,1,1,1,1,1,1,1,65
MOZ,63,2,2,2,2,2,2,4,2,2,2,2,2,2,2,2,2,2,2,2,2,2,2,2,2,2,4,2,2,2,2,2,2,2,2,2,2,2,2,2,2,2,2,2,2,2,2,2,2,2,2,2,2,2,2,2,2,2,2,2,2,2,2,2,2,2,2,2,2,2,2,2,2,2,2,2,2,2,2,2,2,2,2,2,2,2,2,2,2,2,2,2,2,2,2,2,2,2,2,2,2,2,2,2,2,2,2,2,2,2,2,2,2,2,2,2,2,2,2,2,2,2,4,2,4,2,2,5,2,2,2,2,2,2,2,2,2,2,2,2,2,2,2,2,2,2,2,2,2,2,2,2,2,2,2,2,2,2,2,2,2,2,2,2,2,2,2,2,2,2,2,4,2,2,2,2,2,2,2,2,2,2,2,2,4,2,2,2,2,2,2,2,2,2,2,2,2,4,4,4,72
MMR,53,1,1,1,1,3,1,1,3,3,2,1,3,1,3,3,1,3,1,1,1,4,3,3,1,3,1,3,1,3,1,1,1,2,3,3,3,2,3,3,1,1,3,3,2,1,3,1,1,3,3,3,3,3,2,1,3,3,1,3,1,3,1,3,3,1,3,1,3,3,1,1,4,1,3,1,3,4,3,3,2,1,1,3,2,3,3,4,3,3,4,1,1,1,3,4,3,3,4,1,1,1,3,1,1,3,3,3,1,3,3,1,1,1,1,1,1,5,3,4,1,3,3,3,1,3,3,1,1,1,1,1,3,3,3,1,3,1,3,3,1,4,3,3,1,3,1,1,3,1,3,3,2,1,3,1,1,1,3,4,3,3,1,1,1,1,1,1,1,1,1,1,1,1,4,1,1,1,1,1,3,1,1,3,1,3,3,3,3,3,1,1,3,4,1,1,1,3,1,1,80
NAM,74,1,2,1,1,1,4,4,1,4,4,4,1,1,1,4,2,2,1,2,2,1,1,4,1,1,4,4,1,4,1,2,1,4,2,2,2,1,1,1,4,2,1,2,4,2,4,1,1,1,1,1,1,2,4,1,4,1,1,4,2,4,1,1,1,2,2,2,1,1,2,1,4,1,1,1,2,4,4,1,1,1,1,4,4,4,1,4,4,4,2,1,2,1,1,2,1,4,1,1,1,4,1,2,4,1,4,1,1,1,1,4,1,2,1,1,1,1,1,4,1,1,4,1,4,2,4,4,5,1,2,2,4,4,1,1,4,1,1,1,1,1,1,2,1,4,1,1,1,1,2,1,4,2,1,1,4,1,4,4,1,2,2,1,1,1,1,1,2,1,1,4,2,2,2,4,1,4,2,1,2,1,1,1,4,4,2,4,1,4,1,1,2,2,1,1,1,4,4,4,62
NRU,87,1,4,1,1,1,1,1,1,1,1,1,1,1,1,1,1,1,1,1,1,1,1,1,1,1,1,1,1,1,1,1,1,1,1,1,1,1,1,1,1,1,1,1,1,1,1,1,1,1,1,1,1,1,1,1,1,2,2,1,1,1,1,1,1,1,1,1,1,1,1,1,1,1,1,1,1,1,1,2,1,1,1,1,1,1,1,1,1,1,1,1,1,1,1,1,1,1,1,1,1,1,1,1,1,1,1,1,1,1,1,1,1,1,2,1,1,1,1,1,1,1,1,1,1,1,1,1,1,1,1,1,1,1,1,5,1,1,1,1,2,1,1,1,1,1,2,1,1,1,1,1,2,1,1,2,1,1,1,1,1,1,1,1,1,1,1,1,1,1,1,1,1,1,1,1,1,1,1,2,1,1,2,2,1,1,1,1,1,1,1,1,1,1,2,2,1,1,1,1,51
NPL,51,2,2,1,2,2,2,2,2,2,2,2,2,2,2,2,2,2,2,2,2,2,2,2,2,2,2,2,2,2,2,2,2,2,2,2,1,2,2,2,2,2,2,2,2,2,2,2,2,2,2,2,2,2,2,1,2,2,2,2,2,2,2,2,1,2,2,2,2,2,2,2,2,2,2,2,2,2,2,2,4,1,2,2,2,2,2,2,2,2,2,2,2,2,2,2,2,2,2,2,2,2,2,1,2,2,2,2,2,2,2,2,2,2,2,2,2,2,2,2,2,2,2,2,2,2,2,2,2,2,1,2,2,2,5,2,2,2,2,2,2,2,2,2,1,2,2,2,2,2,2,2,2,2,2,2,2,2,2,2,2,2,2,2,2,1,2,2,2,2,1,1,2,2,2,2,2,2,2,2,2,2,2,2,2,2,2,2,2,2,2,2,2,2,2,2,2,2,2,1,81
NLD,168,4,4,1,4,4,1,1,4,4,4,1,4,4,1,4,1,4,1,1,1,4,1,4,4,1,1,1,1,4,1,1,1,4,1,4,1,1,4,4,1,1,4,4,4,1,4,4,1,1,1,4,1,1,4,1,4,1,4,4,1,4,4,4,1,1,1,1,4,4,1,1,4,4,4,1,4,1,4,4,1,1,1,4,4,1,1,4,1,1,1,4,1,4,1,4,1,1,1,1,4,4,1,1,1,4,4,4,1,1,4,4,4,1,4,4,1,1,1,4,1,4,4,1,1,4,4,1,1,1,1,4,5,4,1,1,4,1,4,4,1,1,1,4,1,4,4,4,1,1,4,4,1,1,1,4,4,1,4,4,4,4,1,4,1,1,1,1,1,4,1,1,1,1,1,1,4,1,1,4,1,4,4,4,1,4,1,4,4,1,4,4,4,1,4,4,1,1,1,1,3
NZL,165,3,3,1,1,1,1,1,3,3,4,1,1,1,1,3,1,3,3,1,1,3,1,3,1,1,1,1,1,3,1,1,1,3,1,3,1,1,1,1,1,1,3,3,3,1,3,1,1,1,1,3,1,1,3,1,3,1,1,3,1,3,1,1,1,1,1,1,3,1,1,1,3,1,3,1,3,1,3,3,1,1,1,3,3,1,1,3,1,1,1,1,1,1,1,3,3,1,1,1,1,3,1,1,1,3,3,3,1,1,3,1,1,3,1,1,1,1,1,3,1,3,3,1,1,3,3,1,1,1,1,1,3,3,1,1,5,3,1,1,1,1,1,3,1,3,1,1,3,1,3,1,1,1,3,1,3,1,3,3,3,3,1,3,1,1,1,1,1,1,1,1,1,1,1,1,1,1,1,1,1,1,1,3,1,1,1,3,3,1,3,1,1,1,1,1,1,1,1,1,6
NIC,119,4,4,1,4,1,1,2,4,4,4,2,1,4,1,4,2,4,4,2,2,4,2,4,4,2,1,4,4,4,1,2,1,4,2,4,1,1,2,4,1,2,4,4,4,2,4,2,2,2,4,4,2,1,4,2,4,4,2,4,2,4,2,2,2,2,2,2,4,4,2,2,4,4,4,1,4,2,4,4,1,1,1,4,4,2,2,4,1,2,2,2,2,4,2,4,4,2,1,1,4,4,1,1,2,4,4,4,1,2,4,2,2,4,4,4,1,2,1,4,2,4,2,2,2,4,4,2,2,2,1,5,4,4,1,2,4,2,4,2,2,2,1,4,4,4,2,4,4,1,4,2,4,2,4,4,2,1,4,4,4,4,1,4,2,1,2,1,4,4,1,2,2,2,2,2,1,2,2,2,4,4,4,4,2,4,2,4,4,2,4,4,4,1,4,2,1,4,2,2,37
NER,59,1,2,1,1,1,1,1,1,1,1,1,1,1,1,1,4,1,1,1,4,1,1,1,1,1,1,1,1,1,1,1,1,1,4,1,1,1,1,1,1,4,1,1,1,1,1,1,1,1,1,1,1,1,1,1,1,1,1,1,1,1,1,1,4,4,4,1,1,1,4,1,4,1,1,1,1,1,1,1,1,1,1,1,1,1,1,1,1,1,1,1,1,1,1,1,1,1,1,1,1,1,1,4,1,1,1,1,1,4,1,1,1,1,1,1,4,1,1,1,4,1,1,1,1,1,1,1,1,5,4,1,1,1,1,1,1,1,1,1,1,1,1,1,1,1,1,1,1,1,1,1,1,1,1,1,1,1,1,1,1,1,4,1,4,1,1,1,1,1,1,1,4,4,1,1,1,1,4,1,1,1,1,1,1,1,1,1,1,1,1,1,1,1,1,1,1,1,1,1,75
NGA,50,2,2,2,2,2,2,2,2,2,2,2,2,2,2,2,4,2,2,2,4,2,2,2,2,2,2,2,2,2,2,2,2,2,4,2,4,2,2,2,2,4,2,2,2,2,2,2,2,2,2,2,2,2,2,2,2,2,2,2,2,2,2,2,4,4,4,2,2,2,4,2,2,2,2,2,2,2,2,2,2,2,2,2,2,2,2,2,2,2,2,2,2,2,2,2,2,2,2,2,2,2,2,4,2,2,2,2,2,2,2,2,2,2,2,2,4,2,2,2,2,2,2,2,2,2,2,2,2,4,5,2,2,2,2,2,2,2,2,2,2,2,2,2,2,2,2,2,2,2,2,2,2,2,2,2,4,2,2,2,2,2,4,2,4,2,2,2,2,2,2,2,4,4,2,2,2,2,2,2,2,2,2,2,2,2,2,2,2,2,2,2,2,2,2,2,2,2,2,2,82
PRK,49,1,1,1,1,1,1,1,1,1,1,1,1,1,1,1,1,1,1,1,1,1,1,1,1,1,1,1,1,1,1,1,1,1,1,1,1,1,1,1,1,1,1,1,1,1,1,1,1,1,1,1,1,1,1,1,1,1,1,1,1,1,1,1,1,1,1,1,1,1,1,1,1,1,1,1,1,1,1,1,1,1,1,1,1,1,1,1,1,1,1,1,1,1,5,1,1,1,1,1,1,1,1,1,1,1,1,1,1,1,1,1,1,1,1,1,1,1,1,1,1,1,1,1,1,1,1,1,1,1,1,1,1,1,1,1,1,1,1,1,1,1,1,1,1,1,1,1,1,1,1,1,1,1,1,1,1,1,1,1,1,1,1,1,1,1,1,1,1,1,1,1,1,1,1,1,1,1,1,1,1,1,1,1,1,1,1,1,1,1,1,1,1,1,1,1,1,1,1,1,83
MKD,122,4,4,1,4,4,1,1,4,4,4,4,4,4,1,4,1,4,1,1,1,4,1,4,4,1,4,1,1,4,1,1,1,4,1,4,1,1,4,4,4,1,4,4,4,1,4,1,1,1,1,4,1,1,4,1,4,1,1,4,1,4,1,1,1,1,1,1,4,4,1,1,4,4,4,1,4,1,4,4,1,1,1,4,4,1,1,4,1,1,1,1,1,4,1,4,1,1,1,1,1,4,1,1,1,4,4,4,1,1,4,4,4,1,1,5,1,1,1,4,1,4,4,1,1,4,4,1,1,1,1,4,4,4,1,1,4,1,4,4,1,1,1,4,1,4,1,4,1,4,4,4,4,1,1,1,4,1,4,4,4,4,1,4,1,1,1,1,1,4,1,1,1,1,1,1,1,1,1,1,4,1,1,4,1,4,1,4,4,1,4,1,4,1,1,1,1,1,1,1,34
NOR,167,4,4,1,4,4,1,1,4,4,4,1,4,4,1,4,1,4,1,1,1,4,1,4,4,1,1,1,1,4,1,1,1,4,1,4,1,1,4,4,1,1,4,4,4,1,4,4,1,1,1,4,1,1,4,1,4,1,4,4,1,4,4,4,1,1,1,1,4,4,1,1,4,4,4,1,4,1,4,4,1,1,1,4,4,1,1,4,1,1,1,4,1,4,1,4,1,1,1,1,4,4,1,1,1,4,4,4,1,1,4,4,4,1,4,4,1,1,1,4,1,4,4,1,1,4,4,1,1,1,1,4,4,5,1,1,4,1,4,4,1,1,1,4,1,4,4,4,1,1,4,4,1,1,1,4,4,1,4,4,4,4,1,4,1,1,1,1,1,4,1,1,1,1,1,1,4,1,1,4,1,4,4,4,1,4,1,4,4,1,4,4,4,1,4,4,1,1,1,1,4
OMN,85,3,4,1,1,3,3,1,3,3,3,3,3,1,1,3,1,3,4,1,1,3,3,3,1,1,1,3,1,3,1,1,1,3,1,3,1,1,3,1,1,1,3,3,3,1,3,1,1,1,2,3,1,1,3,1,3,1,1,3,1,3,1,3,1,1,1,1,3,1,1,1,3,1,3,1,3,3,3,1,1,1,3,3,3,1,1,3,1,1,1,1,1,1,1,3,4,1,1,3,1,3,1,1,1,3,3,3,1,1,3,3,3,1,1,3,1,1,1,3,1,3,1,1,1,1,3,1,1,1,1,1,3,3,1,1,4,5,1,1,1,1,1,3,1,3,1,3,4,3,3,3,3,1,4,1,3,1,3,3,3,3,1,3,1,1,3,1,1,1,1,1,1,1,3,1,1,1,1,1,3,1,1,3,1,3,1,3,3,1,3,1,3,1,1,1,1,3,1,1,52
PAK,39,3,2,1,3,3,1,2,2,2,3,2,3,2,3,3,3,3,2,3,3,2,3,3,2,1,2,3,3,3,1,3,3,2,3,3,3,3,3,2,3,3,3,3,2,3,3,3,3,1,3,3,3,3,2,3,2,3,3,3,3,3,3,3,2,3,3,3,3,3,3,3,1,1,3,3,3,2,3,1,1,1,3,2,2,3,2,2,3,3,3,3,3,2,1,2,2,3,3,3,2,3,2,3,3,2,2,3,1,3,2,3,3,3,3,3,3,3,3,1,1,2,3,4,3,3,2,2,3,3,1,3,3,3,4,3,2,2,3,3,3,3,5,3,1,3,3,2,2,3,3,3,3,2,2,3,3,1,3,2,3,3,3,3,3,1,3,1,3,3,1,1,1,3,2,2,3,3,2,4,2,4,3,1,2,3,3,3,3,3,3,3,3,3,3,4,1,3,2,3,89
PLW,116,2,2,2,2,2,2,2,2,4,2,2,2,2,1,4,2,4,2,2,2,2,2,2,2,2,2,2,2,2,2,2,2,2,2,2,2,2,2,2,2,2,4,4,4,2,4,2,2,2,2,4,2,2,4,2,4,2,4,4,2,2,2,2,2,2,2,2,4,2,2,2,2,2,4,2,4,2,2,4,2,2,2,2,4,2,2,2,2,2,2,2,2,2,2,2,2,2,2,2,2,2,2,2,2,4,4,4,2,2,2,2,2,2,4,2,2,1,2,2,2,4,2,2,2,2,2,2,2,2,2,2,4,2,2,2,2,2,2,2,2,2,2,4,2,4,5,2,2,2,4,2,4,2,2,2,2,2,4,2,4,4,2,2,2,2,2,2,2,2,2,2,2,2,2,2,2,2,2,2,2,2,2,2,2,2,2,4,2,2,2,2,2,2,2,2,2,2,2,2,39
PSE,46,4,4,1,4,4,4,1,4,4,4,4,4,4,1,4,1,4,4,1,1,4,4,4,4,4,1,4,4,4,1,4,1,4,1,4,1,4,4,4,4,4,4,4,4,1,4,4,4,4,4,4,4,1,4,1,4,4,4,4,1,4,4,4,1,1,1,4,4,4,1,4,4,4,4,4,4,4,4,4,4,1,1,4,4,4,1,4,1,4,4,4,1,4,4,4,4,4,4,4,4,4,1,1,4,4,4,4,4,4,4,4,4,1,4,4,1,1,4,4,1,4,4,4,4,4,4,1,1,1,1,4,4,4,4,4,4,4,4,4,4,4,1,4,5,4,4,4,4,4,4,4,4,4,4,4,4,1,4,4,4,4,1,4,4,4,4,4,4,4,4,4,1,1,4,4,4,4,4,4,4,4,4,4,1,4,1,4,4,4,4,4,4,4,4,4,4,4,1,4,86
PAN,133,4,4,1,4,1,4,4,4,4,4,1,4,4,1,4,1,4,1,1,1,4,4,4,4,4,4,4,4,4,1,1,1,4,1,4,1,1,4,4,1,4,4,4,4,1,4,4,3,1,4,4,1,1,4,1,4,4,4,4,4,4,4,4,1,1,1,1,4,4,1,4,4,4,4,1,4,1,4,4,1,1,1,4,4,4,1,4,4,1,4,4,4,4,1,4,4,1,1,1,4,4,1,1,1,4,4,4,1,1,4,4,4,4,4,4,1,1,4,1,1,4,4,4,1,4,4,1,4,1,1,4,4,4,1,4,4,1,5,4,4,1,1,4,1,4,4,4,4,1,4,4,4,1,4,4,4,1,4,4,4,4,1,4,1,1,1,1,4,4,1,1,1,1,4,1,1,1,1,4,4,4,4,4,1,4,1,4,4,1,4,4,1,4,4,4,1,4,1,1,27
PNG,81,2,1,1,3,1,1,1,2,2,2,1,1,3,1,2,1,2,1,1,1,2,1,2,1,1,3,1,3,2,1,1,1,2,1,2,1,3,1,1,1,1,2,2,2,1,2,3,1,1,2,2,1,1,2,1,2,2,2,2,1,2,3,1,1,1,1,1,2,1,1,3,2,1,2,1,2,2,2,2,3,1,1,2,2,3,1,2,3,1,1,2,1,3,1,2,1,1,1,1,3,2,1,1,3,2,2,2,1,1,2,1,1,1,2,1,1,1,1,2,1,2,3,2,1,2,2,1,3,1,1,1,2,2,1,2,2,1,1,2,5,2,1,2,1,2,2,1,1,1,2,1,3,3,1,2,3,1,2,2,2,2,1,2,1,1,1,1,1,1,1,1,1,1,2,1,1,1,1,2,1,1,2,2,1,1,1,2,2,1,2,3,1,3,2,2,1,3,3,1,56
PRY,135,4,4,1,1,1,1,1,4,4,2,1,1,1,1,4,1,4,1,1,1,1,4,4,1,1,1,1,1,2,1,1,1,4,1,4,1,1,4,4,1,1,4,4,4,1,4,1,4,1,4,4,1,1,4,1,4,1,1,4,1,4,1,1,1,1,1,1,4,4,1,1,1,4,4,1,4,1,4,4,1,1,1,4,4,1,1,4,1,1,1,1,1,1,1,4,1,1,1,1,1,4,1,1,1,4,4,4,1,1,4,1,1,1,1,1,1,1,1,1,1,4,1,1,1,4,1,1,1,1,1,4,4,4,1,1,2,2,4,4,1,1,1,4,1,4,1,5,2,1,4,1,4,1,1,1,1,1,4,4,4,4,1,1,1,1,1,1,1,4,1,1,1,1,1,1,1,1,1,1,4,1,1,4,1,4,1,2,4,1,1,1,4,1,1,1,1,4,1,1,25
PER,138,4,1,1,4,1,1,1,4,4,4,1,1,4,1,4,1,4,1,1,1,4,4,4,4,1,1,4,4,4,1,1,1,4,1,4,1,1,4,4,1,1,4,4,4,1,4,4,4,1,4,4,1,1,4,1,4,4,4,4,1,4,4,1,1,1,1,1,4,4,1,4,4,4,4,1,4,4,4,4,1,1,1,4,4,4,1,4,1,1,1,4,1,4,1,4,1,1,1,1,4,4,1,1,1,4,4,4,1,1,4,4,4,1,4,4,1,1,1,1,1,4,1,1,1,4,4,1,1,1,1,1,4,4,1,4,4,1,4,5,4,4,1,4,1,4,4,4,1,1,4,4,4,1,1,4,1,1,4,4,4,4,1,4,1,1,4,1,1,1,1,1,1,1,4,1,1,1,1,4,4,4,4,4,1,4,1,4,4,1,4,4,1,1,4,4,1,4,1,1,22
PHL,73,4,4,1,4,1,1,4,4,4,4,1,1,4,1,4,4,4,4,4,4,4,4,4,4,4,4,1,4,4,4,4,4,4,4,4,4,1,4,4,1,4,4,4,4,4,4,4,4,1,4,4,1,4,4,4,4,4,4,4,4,4,4,1,4,4,4,4,4,4,4,4,4,4,4,4,4,4,4,4,1,1,1,4,4,4,1,4,4,4,4,4,4,4,1,4,4,4,4,1,4,4,1,4,4,4,4,4,1,4,4,1,1,4,4,1,4,4,4,4,4,4,4,4,4,4,4,4,4,4,1,4,4,4,4,1,4,4,4,4,4,5,1,4,1,4,4,4,4,1,4,1,4,4,4,4,4,1,4,4,4,4,1,4,4,1,4,1,4,4,1,4,4,4,4,4,1,4,4,1,4,4,2,3,4,1,4,4,4,4,4,4,4,4,4,4,1,4,4,4,63
POL,165,4,4,1,4,4,1,1,4,4,4,1,4,4,1,4,1,4,1,1,1,4,1,4,4,1,1,1,1,4,1,1,1,4,1,4,1,1,4,4,1,1,4,4,4,1,4,4,1,1,1,4,1,1,4,1,4,1,4,4,1,4,4,4,1,1,1,1,4,4,1,1,4,4,4,1,4,1,4,4,1,1,1,4,4,1,1,4,1,1,1,4,1,4,1,4,1,1,1,1,4,4,1,1,1,4,4,4,1,1,4,4,4,1,4,4,1,1,1,4,1,4,4,1,1,4,4,1,1,1,1,4,4,4,1,1,4,1,4,4,1,1,1,5,1,4,4,4,1,1,4,4,1,1,1,4,4,1,4,4,4,4,1,4,1,1,1,1,1,4,1,1,1,1,1,1,4,1,1,4,1,4,4,4,1,4,1,4,4,1,4,4,4,1,4,4,1,1,1,1,6
PRT,168,4,4,1,4,4,1,1,4,4,4,1,4,4,1,4,1,4,1,1,1,4,1,4,4,1,1,1,1,4,1,1,1,4,1,4,1,1,4,4,1,1,4,4,4,1,4,4,1,1,1,4,1,1,4,1,4,1,4,4,1,4,4,4,1,1,1,1,4,4,1,1,4,4,4,1,4,1,4,4,1,1,1,4,4,1,1,4,1,1,1,4,1,4,1,4,1,1,1,1,4,4,1,1,1,4,4,4,1,1,4,4,4,1,4,4,1,1,1,4,1,4,4,1,1,4,4,1,1,1,1,4,4,4,1,1,4,1,4,4,1,1,1,4,1,5,4,4,1,1,4,4,1,1,1,4,4,1,4,4,4,4,1,4,1,1,1,1,1,4,1,1,1,1,1,1,4,1,1,4,1,4,4,4,1,4,1,4,4,1,4,4,4,1,4,4,1,1,1,1,3
QAT,100,4,4,3,4,3,3,3,4,4,4,4,3,3,3,4,3,4,4,3,3,4,4,4,4,3,3,4,3,4,3,3,3,4,2,4,3,4,4,4,4,3,4,4,4,3,4,3,4,3,4,4,3,3,4,3,4,3,3,4,3,4,3,4,3,3,3,3,4,3,3,4,4,3,4,3,4,4,4,3,4,3,3,4,4,3,3,4,3,3,3,3,3,3,3,4,4,4,3,4,3,4,3,3,3,4,4,4,3,3,4,4,3,3,3,4,3,3,3,3,3,4,3,4,3,4,4,3,3,3,3,3,4,4,3,3,4,4,4,4,3,3,4,4,3,4,3,4,5,3,4,2,4,3,4,3,4,3,4,4,4,4,3,4,3,3,4,3,3,3,3,3,3,3,4,3,3,3,3,3,4,3,3,3,3,4,3,4,4,3,4,3,4,3,3,3,3,4,3,3,42
ROU,163,4,4,1,4,4,1,1,4,4,4,1,4,4,1,4,1,4,1,1,1,4,1,4,4,1,1,1,1,4,1,1,1,4,1,4,1,1,4,4,1,1,4,4,4,1,4,4,1,1,1,4,1,1,4,1,4,1,4,4,1,4,4,4,1,1,1,1,4,4,1,1,4,4,4,1,4,1,4,4,1,1,1,4,4,1,1,4,1,1,1,4,1,4,1,4,1,1,1,1,4,4,1,1,1,4,4,4,1,1,4,4,4,1,4,4,1,1,1,4,1,4,4,1,1,4,4,1,1,1,1,4,4,4,1,1,4,1,4,4,1,1,1,4,1,4,4,4,1,1,5,4,1,1,1,4,4,1,4,4,4,4,1,4,1,1,1,1,1,4,1,1,1,1,1,1,4,1,1,4,1,4,4,4,1,4,1,4,4,1,4,4,4,1,4,4,1,1,1,1,8
RUS,119,1,4,1,4,1,4,1,4,1,1,4,4,1,1,1,1,1,1,1,1,4,4,4,1,1,4,4,1,1,1,1,1,1,1,4,1,1,4,4,4,1,1,1,1,1,1,4,1,1,4,1,1,1,1,1,1,4,1,1,1,1,4,1,1,1,1,1,1,4,1,4,4,4,1,1,1,1,1,4,1,1,1,1,1,4,1,1,1,4,1,1,1,4,1,4,1,4,4,1,1,1,1,1,1,1,1,1,1,1,1,4,4,1,1,1,1,1,4,4,1,1,4,4,1,1,1,1,1,1,1,4,1,1,1,4,1,1,4,4,1,1,1,1,1,1,4,4,1,1,1,4,5,1,1,1,4,1,1,1,1,1,1,1,1,1,4,1,1,4,1,1,1,1,4,4,1,1,1,1,1,1,1,1,1,4,1,1,4,4,1,4,4,1,4,4,1,4,1,1,37
RWA,67,2,2,2,2,2,2,4,2,2,2,2,2,2,2,2,2,2,2,2,2,2,2,2,2,2,2,2,2,2,2,2,2,2,2,2,2,2,2,2,2,2,2,2,2,2,2,2,2,2,2,2,2,2,2,2,2,2,2,2,2,2,2,2,2,2,2,2,2,2,2,2,2,2,2,2,2,2,2,2,2,2,2,2,2,2,2,2,2,2,2,2,2,4,2,2,2,2,2,2,2,2,2,2,2,2,2,2,2,2,2,2,2,2,2,2,2,2,2,2,2,2,2,2,2,2,2,2,2,2,2,2,2,2,2,2,2,2,2,2,2,2,2,2,2,2,2,2,2,2,2,2,2,5,2,2,2,2,2,2,2,2,2,2,2,2,2,2,2,2,2,2,2,2,2,2,2,2,2,2,2,2,2,2,2,2,2,2,2,2,2,2,2,2,2,2,2,2,2,2,68
KNA,139,3,4,3,4,3,3,3,4,4,4,3,3,4,4,4,3,4,4,3,3,4,4,4,4,3,4,4,4,4,3,3,3,4,3,4,3,4,4,4,4,3,4,4,4,3,4,4,3,3,4,4,4,3,4,3,4,4,3,4,3,4,4,3,4,4,3,3,4,4,3,4,4,4,4,3,4,4,4,4,4,3,3,4,4,4,4,4,4,3,3,4,3,5,3,4,4,3,3,3,4,4,4,3,4,4,4,4,3,3,4,4,3,3,3,3,3,3,3,4,3,4,4,4,4,4,4,3,3,3,4,4,4,4,3,4,4,3,4,4,4,3,3,4,3,4,3,4,4,3,4,3,4,3,4,4,4,3,4,4,4,4,4,3,3,3,4,3,3,4,3,4,3,3,3,3,3,3,3,4,4,4,4,4,4,4,4,4,4,3,4,4,4,3,4,3,3,4,4,4,21
LCA,131,4,4,1,4,1,1,1,4,4,4,1,4,4,1,4,2,4,1,2,2,4,2,4,4,2,4,1,4,4,1,1,1,4,2,4,2,4,1,4,4,2,4,4,4,2,4,4,1,1,2,4,1,1,4,2,4,4,4,4,2,4,4,4,2,2,2,2,4,2,2,4,4,2,4,1,4,1,4,4,2,1,1,4,4,4,1,4,2,2,2,4,2,4,1,4,4,1,1,1,5,4,1,1,4,4,4,4,1,1,4,1,4,2,4,1,2,1,2,2,2,4,4,4,4,4,2,2,1,1,1,2,4,4,1,4,4,1,4,2,2,2,1,4,2,4,2,2,1,1,4,1,4,1,1,4,4,2,4,4,4,4,2,4,2,1,4,1,2,2,1,4,1,2,2,1,2,1,1,4,4,4,4,4,4,1,2,4,4,1,1,4,1,2,4,4,1,4,4,2,28
WSM,126,2,2,2,2,2,2,2,2,4,2,2,2,2,2,4,2,4,2,2,2,2,2,2,2,2,2,2,2,2,2,2,2,2,2,2,2,2,2,2,2,2,4,4,4,2,4,2,2,2,2,4,2,2,4,2,4,2,2,4,2,2,2,2,2,2,2,2,4,2,2,2,2,2,4,2,4,2,2,2,2,2,2,2,4,2,2,2,2,2,2,2,2,2,2,2,2,2,2,2,2,2,2,2,2,4,4,4,2,2,2,2,2,2,2,2,2,2,2,4,2,4,2,2,2,2,2,2,2,2,2,2,4,2,2,2,2,2,2,2,2,2,2,4,2,4,2,2,2,2,4,2,4,2,2,2,2,2,4,2,4,4,2,2,2,2,2,2,2,2,2,2,2,2,2,2,2,2,2,2,2,2,2,2,2,2,2,2,2,2,2,2,2,2,2,5,2,2,2,2,32
SMR,151,4,4,1,4,4,1,1,4,4,4,1,4,4,1,4,1,4,1,1,1,4,1,4,4,1,1,1,1,4,1,1,1,4,1,4,1,1,4,4,1,1,4,4,4,1,4,4,1,1,1,4,1,1,4,1,4,1,4,4,1,4,4,4,1,1,1,1,4,4,1,1,4,4,4,1,4,1,4,4,1,1,1,4,4,1,1,4,1,1,1,4,1,4,1,4,1,1,1,1,4,4,1,1,1,4,4,4,1,1,4,4,4,1,4,4,1,1,1,4,1,4,4,1,1,4,4,1,1,1,1,4,4,4,1,1,4,1,4,4,1,1,1,4,1,4,4,4,1,1,4,4,1,1,1,4,4,1,4,4,4,4,1,5,1,1,1,1,1,4,1,1,1,1,1,1,4,1,1,4,1,4,4,4,1,4,1,4,4,1,4,4,4,1,4,4,1,1,1,1,14
STP,68,4,4,3,3,3,3,4,3,4,3,3,3,3,3,4,3,4,3,3,3,3,3,4,3,3,3,3,3,4,3,3,3,4,3,3,3,2,3,3,3,4,4,4,4,3,4,3,3,3,3,4,3,3,4,3,4,3,3,4,4,4,3,3,3,3,3,4,4,3,4,3,3,3,4,3,4,3,4,3,3,3,3,4,4,3,3,4,3,3,3,3,3,3,3,4,4,3,3,3,3,4,3,3,3,4,4,4,3,4,4,3,3,3,3,3,3,3,3,3,3,4,3,3,3,3,3,4,3,3,3,3,4,4,3,3,3,3,3,3,3,3,3,4,3,4,3,3,4,3,4,3,4,4,3,3,3,3,4,3,4,4,3,4,3,3,3,3,5,3,3,3,3,3,3,3,4,3,3,3,4,3,3,3,3,3,3,4,3,3,4,3,3,3,3,3,3,3,3,3,67
SAU,87,2,4,1,1,1,1,1,1,2,2,1,1,1,1,2,1,2,4,1,1,2,1,1,1,1,1,1,1,2,1,1,1,2,1,1,1,2,1,1,1,1,2,2,2,1,2,1,1,1,1,2,1,1,2,1,2,1,1,2,1,2,1,1,1,1,1,1,2,1,1,1,2,1,2,1,2,1,2,1,1,1,1,2,2,1,1,2,1,1,1,1,1,1,1,2,4,2,1,1,1,2,1,1,1,2,2,2,1,1,2,1,2,1,1,1,1,1,1,2,1,2,1,1,1,1,2,1,1,1,1,1,2,2,1,1,2,4,1,1,1,1,1,2,1,2,1,1,1,1,2,1,2,1,5,1,1,1,2,2,2,2,1,2,1,1,1,1,1,1,1,1,1,1,1,1,1,1,1,1,1,1,1,2,1,2,1,2,1,1,1,1,1,1,1,1,1,1,1,1,51
SEN,64,2,2,2,2,2,2,2,2,4,2,2,2,2,2,4,4,4,2,2,4,2,2,2,2,2,2,2,2,4,4,4,2,2,4,2,2,4,2,2,2,4,4,4,4,4,4,2,2,2,2,4,2,2,4,2,4,2,2,4,2,4,2,2,4,4,4,2,4,2,4,2,1,2,4,2,4,2,4,2,4,2,2,2,4,2,2,4,2,2,2,2,2,2,2,4,2,2,2,2,2,2,2,4,2,4,4,4,2,4,2,2,2,2,2,2,4,2,2,1,4,4,4,2,2,2,2,2,2,4,4,2,4,2,2,2,2,2,2,2,2,2,2,4,2,4,2,2,2,1,4,2,2,2,2,2,2,2,4,4,4,4,4,2,5,2,2,2,2,2,2,2,4,4,2,2,2,2,4,2,2,2,2,2,2,2,2,4,2,2,2,2,2,2,2,2,1,2,2,2,71
SRB,131,4,4,1,4,4,1,1,4,4,4,4,4,4,1,4,1,4,4,4,1,1,4,4,4,1,1,4,1,4,1,1,1,4,1,4,1,4,4,4,4,1,4,4,4,1,4,4,1,1,1,4,1,1,4,1,4,1,1,4,1,4,4,4,1,1,1,1,4,1,4,1,4,1,4,1,4,4,4,4,4,1,1,4,4,4,1,4,1,4,1,1,1,4,1,4,4,4,1,1,1,4,1,1,1,4,4,4,1,1,4,4,4,1,1,4,1,1,4,4,1,4,1,1,1,4,1,1,1,1,1,1,4,4,1,1,4,4,1,4,1,1,1,4,1,4,1,4,4,4,4,5,4,1,1,1,4,1,4,4,4,4,1,4,1,1,4,1,1,1,1,1,1,1,1,1,1,1,4,1,4,4,1,1,1,4,1,4,4,1,4,4,1,1,1,1,1,1,1,1,28
SYC,137,3,3,3,3,3,3,3,3,3,3,3,3,3,3,3,3,3,3,3,3,3,3,3,3,3,3,3,3,3,3,3,3,3,3,3,3,3,3,3,3,3,3,3,3,3,3,3,3,3,3,3,3,3,3,3,3,3,3,3,3,3,3,3,3,3,3,3,3,3,3,3,3,3,3,3,3,3,3,3,3,3,3,3,3,3,3,3,3,3,3,3,3,3,3,3,3,3,3,3,3,3,3,3,3,3,3,3,3,3,3,3,3,3,3,3,3,3,3,3,3,3,3,3,3,3,3,3,3,3,3,3,3,3,3,3,3,3,3,3,3,3,3,3,3,3,3,3,3,3,3,3,3,3,3,3,5,3,3,3,3,3,3,3,3,3,3,3,3,3,3,3,3,3,3,3,3,3,3,3,3,3,3,3,3,3,3,3,3,3,3,3,3,3,3,3,3,3,3,3,23
SLE,65,1,2,1,2,1,2,1,1,2,2,2,1,2,2,2,4,2,2,1,4,2,2,2,2,1,2,2,2,2,1,1,1,2,4,1,2,2,1,1,1,4,2,2,2,1,2,2,1,1,1,2,1,1,2,1,2,2,1,2,1,2,2,2,4,4,4,1,2,1,4,2,1,1,2,1,2,2,2,2,2,1,2,1,2,2,1,2,2,2,2,2,1,1,1,2,2,2,1,2,2,2,2,4,2,2,2,2,1,1,1,2,1,1,1,1,4,1,1,2,4,2,2,1,2,1,2,2,2,4,4,1,2,2,1,2,2,2,1,1,2,1,2,2,1,2,1,1,2,1,2,1,2,2,2,2,2,1,2,2,2,2,5,1,4,1,1,1,1,1,1,2,1,4,2,2,2,2,1,2,2,2,2,1,2,2,2,2,1,2,1,2,1,2,2,2,1,2,2,1,70
SGP,166,4,4,3,4,4,3,4,4,4,4,3,4,4,3,4,4,4,4,4,4,4,4,4,4,4,4,3,4,4,4,4,4,4,4,4,4,3,4,4,4,4,4,4,4,4,4,4,4,3,4,4,3,4,4,4,4,4,4,4,4,4,4,3,4,4,4,4,4,4,4,4,4,4,4,4,4,4,4,4,3,3,3,4,4,4,3,4,4,3,4,4,4,4,3,4,4,3,4,3,4,4,4,4,4,4,4,4,3,3,4,3,4,4,4,4,3,4,4,4,4,4,4,4,4,4,4,4,4,4,3,4,4,4,4,4,4,4,4,4,4,4,3,4,3,4,4,4,4,3,4,4,3,4,3,4,4,3,4,5,4,4,4,4,4,3,4,4,4,4,3,4,4,4,4,3,4,3,3,4,4,4,4,4,4,3,4,4,4,3,4,4,4,4,4,4,3,4,4,4,5
SVK,165,4,4,1,4,4,1,1,4,4,4,1,4,4,1,4,1,4,1,1,1,4,1,4,4,1,1,1,1,4,1,1,1,4,1,4,1,1,4,4,1,1,4,4,4,1,4,4,1,1,1,4,1,1,4,1,4,1,4,4,1,4,4,4,1,1,1,1,4,4,1,1,4,4,4,1,4,1,4,4,1,1,1,4,4,1,1,4,1,1,1,4,1,4,1,4,1,1,1,1,4,4,1,1,1,4,4,4,1,1,4,4,4,1,4,4,1,1,1,4,1,4,4,1,1,4,4,1,1,1,1,4,4,4,1,1,4,1,4,4,1,1,1,4,1,4,4,4,1,1,4,4,1,1,1,4,4,1,4,4,4,5,1,4,1,1,1,1,1,4,1,1,1,1,1,1,4,1,1,4,1,4,4,4,1,4,1,4,4,1,4,4,4,1,4,4,1,1,1,1,6
SVN,165,4,4,1,4,4,1,1,4,4,4,1,4,4,1,4,1,4,1,1,1,4,1,4,4,1,1,1,1,4,1,1,1,4,1,4,1,1,4,4,1,1,4,4,4,1,4,4,1,1,1,4,1,1,4,1,4,1,4,4,1,4,4,4,1,1,1,1,4,4,1,1,4,4,4,1,4,1,4,4,1,1,1,4,4,1,1,4,1,1,1,4,1,4,1,4,1,1,1,1,4,4,1,1,1,4,4,4,1,1,4,4,4,1,4,4,1,1,1,4,1,4,4,1,1,4,4,1,1,1,1,4,4,4,1,1,4,1,4,4,1,1,1,4,1,4,4,4,1,1,4,4,1,1,1,4,4,1,4,4,5,4,1,4,1,1,1,1,1,4,1,1,1,1,1,1,4,1,1,4,1,4,4,4,1,4,1,4,4,1,4,4,4,1,4,4,1,1,1,1,6
SLB,129,2,4,1,2,1,1,1,2,4,2,1,1,2,1,4,1,4,1,1,1,2,1,2,2,1,1,1,2,2,1,1,1,4,1,2,1,1,1,1,1,1,4,4,4,1,4,2,2,1,1,4,1,1,4,1,4,2,2,4,1,2,2,1,1,1,1,1,4,1,1,2,1,1,4,1,4,1,2,2,1,1,1,4,4,1,1,2,1,1,1,2,1,2,1,2,2,1,1,1,2,4,1,1,1,4,4,4,1,1,2,1,1,1,2,1,1,1,1,1,1,4,1,2,1,1,2,1,1,1,1,1,4,4,1,2,2,1,1,1,2,1,1,4,1,4,2,1,1,1,4,1,1,1,1,5,1,1,4,2,4,4,1,2,1,1,1,1,1,1,1,1,1,1,2,1,1,1,1,2,1,2,2,2,1,1,1,2,1,1,1,2,1,1,2,2,1,1,1,1,29
SOM,40,2,2,2,2,2,2,2,2,2,2,2,2,2,2,2,2,2,2,2,2,2,2,2,2,2,2,2,2,2,2,2,2,2,2,2,2,2,2,2,2,2,2,2,2,2,2,2,2,2,2,2,2,2,2,2,2,2,2,2,2,2,2,2,2,2,2,2,2,2,2,2,2,2,2,2,2,2,2,2,2,2,2,2,2,2,2,2,2,2,2,2,2,2,2,2,2,2,2,2,2,2,2,2,2,2,2,2,2,2,2,2,2,2,2,2,2,2,2,2,2,2,2,2,2,2,2,2,2,2,2,2,2,2,2,2,2,2,2,2,2,2,2,2,2,2,2,2,2,2,2,2,2,2,2,2,2,2,2,2,2,2,2,2,2,5,2,2,2,2,2,2,2,2,2,2,2,2,2,2,2,2,2,2,2,2,2,2,2,2,2,2,2,2,2,2,2,2,2,2,88
ZAF,101,4,4,1,4,1,1,4,4,4,4,1,1,4,1,4,1,1,1,1,4,1,4,4,4,1,4,1,4,4,1,1,1,4,1,4,1,1,1,4,1,4,4,4,4,1,4,1,1,1,4,1,1,1,4,1,4,1,1,4,4,4,1,1,1,1,1,1,4,1,1,4,4,1,1,1,4,1,4,4,1,1,1,4,4,4,4,4,1,1,1,1,1,1,1,4,1,1,1,1,1,4,1,1,4,1,4,1,1,1,4,1,1,4,1,1,1,1,1,4,1,4,4,4,4,1,4,4,4,1,1,1,4,4,1,1,4,1,4,4,1,1,1,4,1,4,1,4,4,1,1,1,4,1,4,1,4,1,4,4,1,1,1,4,1,1,1,1,1,1,1,4,1,1,4,1,1,1,1,1,4,4,1,1,4,1,1,4,4,1,1,4,4,1,1,1,1,5,4,4,41
KOR,168,4,4,1,4,4,1,1,4,4,4,1,4,4,1,4,1,4,4,1,1,4,1,4,4,1,4,1,1,4,1,1,1,4,1,4,1,1,4,4,1,1,4,4,4,1,4,4,4,1,4,4,1,1,4,1,4,4,4,4,1,4,4,1,1,1,1,1,4,4,1,4,4,4,4,4,4,1,4,4,1,1,1,4,4,4,1,4,1,1,1,4,1,4,1,5,4,4,1,1,4,4,1,1,4,4,4,4,1,4,4,1,4,1,4,1,1,1,1,4,1,4,4,1,1,4,4,1,1,1,1,4,4,4,1,4,4,4,4,4,1,1,1,4,1,4,4,4,4,1,4,4,4,1,4,4,4,1,4,4,4,4,1,4,1,1,4,1,1,4,1,4,1,1,4,1,1,1,4,4,4,4,4,4,1,1,1,4,4,1,4,4,4,1,1,4,1,4,1,1,3
SSD,50,1,4,1,1,1,1,1,1,1,1,1,1,1,1,1,1,1,1,1,1,1,1,1,1,1,2,1,1,1,1,1,1,1,1,1,1,1,1,1,1,1,1,1,1,1,1,1,1,1,1,1,1,1,1,1,1,1,1,1,1,1,1,1,1,1,1,1,1,1,1,1,1,1,1,1,1,1,1,1,1,1,1,1,1,1,1,1,2,1,1,1,1,1,1,1,1,1,1,1,1,1,1,1,1,1,1,1,1,1,1,1,1,1,1,1,1,1,1,1,1,1,1,1,1,1,1,1,1,1,1,1,1,1,1,1,1,1,1,1,1,1,1,1,1,1,1,1,1,1,1,1,1,2,1,1,1,1,1,1,1,1,1,1,1,1,1,5,1,1,1,1,1,1,1,1,1,1,1,1,1,1,1,1,2,1,2,1,1,1,1,1,1,1,1,1,1,1,1,1,82
ESP,169,4,4,1,4,4,1,1,4,4,4,1,4,4,1,4,1,4,1,1,1,4,1,4,4,1,1,1,1,4,1,1,1,4,1,4,1,1,4,4,1,1,4,4,4,1,4,4,1,1,1,4,1,1,5,1,4,1,4,4,1,4,4,4,1,1,1,1,4,4,1,1,4,4,4,1,4,1,4,4,1,1,1,4,4,1,1,4,1,1,1,4,1,4,1,4,1,1,1,1,4,4,1,1,1,4,4,4,1,1,4,4,4,1,4,4,1,1,1,4,1,4,4,1,1,4,4,1,1,1,1,4,4,4,1,1,4,1,4,4,1,1,1,4,1,4,4,4,1,1,4,4,1,1,1,4,4,1,4,4,4,4,1,4,1,1,1,1,1,4,1,1,1,1,1,1,4,1,1,4,1,4,4,4,1,4,1,4,4,1,4,4,4,1,4,4,1,1,1,1,2
LKA,51,3,3,1,3,3,3,3,3,4,4,3,3,3,3,4,3,4,3,3,3,3,3,3,3,3,3,3,3,4,1,3,1,4,1,3,1,4,3,3,3,3,4,4,4,3,4,3,3,3,3,4,1,3,4,3,4,3,3,4,1,4,3,3,1,3,1,3,4,3,1,3,3,3,4,3,4,4,4,4,4,3,3,4,4,3,3,4,1,3,4,3,3,3,3,4,3,3,3,3,3,3,5,1,3,4,4,4,3,3,3,3,3,3,3,3,1,3,3,3,3,4,3,2,3,3,4,3,3,3,1,3,4,4,3,3,4,3,3,3,3,4,1,4,3,4,3,3,3,3,4,3,4,3,3,3,2,1,4,4,4,4,1,3,3,3,3,3,3,3,1,3,3,3,4,3,3,3,3,3,3,3,3,3,3,4,1,4,3,3,3,3,3,3,3,3,3,3,3,3,81
VCT,137,4,4,4,4,4,4,4,4,4,4,4,4,4,4,4,4,4,4,4,4,4,4,4,4,4,4,4,4,4,4,4,4,4,4,4,4,1,4,4,4,4,4,4,4,4,4,4,1,4,4,4,4,4,4,4,4,4,4,4,4,4,4,4,4,4,4,4,4,4,4,4,4,4,4,4,4,4,4,4,4,1,1,4,4,4,1,4,4,4,4,4,4,4,4,4,4,4,4,1,4,4,4,4,4,4,4,4,4,4,4,4,4,4,4,4,4,4,4,4,4,4,4,4,4,4,4,4,4,4,1,4,4,4,4,4,4,4,4,4,4,4,4,4,4,4,4,4,4,4,4,4,4,4,4,4,4,4,4,4,4,4,4,4,4,4,4,4,4,4,1,4,4,4,4,4,4,4,4,4,4,4,4,4,4,4,4,4,4,4,4,5,4,4,4,4,4,4,4,4,23
SDN,46,1,4,1,1,1,1,1,1,1,1,1,1,1,1,1,1,1,1,1,1,1,1,1,1,1,1,1,1,1,1,1,1,1,1,1,1,1,1,1,1,1,1,1,1,1,1,1,1,1,1,1,1,1,1,1,1,1,1,1,1,1,1,1,1,1,1,1,1,1,1,1,1,1,1,1,1,1,1,1,1,1,1,1,1,1,1,1,2,1,1,1,1,1,1,1,4,1,1,1,1,1,1,1,1,1,1,1,1,1,1,1,1,1,1,1,1,1,1,1,1,1,1,1,1,1,2,1,1,1,1,1,1,1,1,1,1,1,1,1,1,1,1,1,1,1,1,1,4,1,1,1,1,1,1,1,1,5,1,1,1,1,1,1,1,1,1,1,1,1,4,1,1,1,1,1,1,1,1,1,2,1,1,1,1,1,1,1,1,1,1,1,1,1,1,1,4,1,1,1,86
SUR,80,3,3,3,4,3,3,3,4,3,3,3,3,4,3,3,3,3,3,3,3,3,3,4,4,3,3,3,4,3,3,3,3,3,3,3,3,3,3,3,3,3,3,3,3,3,3,4,3,3,3,3,3,3,3,3,3,3,3,3,3,3,4,3,3,3,3,3,3,3,3,4,4,3,3,1,3,3,3,4,3,3,3,3,3,4,3,4,3,3,3,3,3,4,3,4,3,3,3,3,4,3,3,3,3,3,3,3,3,3,3,3,3,3,3,3,3,1,3,3,3,3,3,3,3,3,4,3,3,3,3,3,3,3,3,3,3,3,3,3,3,4,3,3,3,3,3,3,3,3,3,4,1,3,3,3,3,3,3,3,3,3,3,3,3,3,5,3,3,3,3,3,3,3,3,3,3,3,3,3,3,4,3,3,3,3,3,3,3,3,3,4,3,3,3,3,3,3,3,3,57
SWE,167,4,4,1,4,4,1,1,4,4,4,1,4,4,1,4,1,4,1,1,1,4,1,4,4,1,1,1,1,4,1,1,1,4,1,4,1,1,4,4,1,1,4,4,4,1,4,4,1,1,1,4,1,1,4,1,4,1,4,4,1,4,4,4,1,1,1,1,4,4,1,1,4,4,4,1,4,1,4,4,1,1,1,4,4,1,1,4,1,1,1,4,1,4,1,4,1,1,1,1,4,4,1,1,1,4,4,4,1,1,4,4,4,1,4,4,1,1,1,4,1,4,4,1,1,4,4,1,1,1,1,4,4,4,1,1,4,1,4,4,1,1,1,4,1,4,4,4,1,1,4,4,1,1,1,4,4,1,5,4,4,4,1,4,1,1,1,1,1,4,1,1,1,1,1,1,4,1,1,4,1,4,4,4,1,4,1,4,4,1,4,4,4,1,4,4,1,1,1,1,4
CHE,167,4,4,1,4,4,1,1,4,4,4,1,4,4,1,4,1,4,1,1,1,4,1,4,4,1,1,1,1,4,1,1,1,5,1,4,1,1,4,4,1,1,4,4,4,1,4,4,1,1,1,4,1,1,4,1,4,1,4,4,1,4,4,4,1,1,1,1,4,4,1,1,4,4,4,1,4,1,4,4,1,1,1,4,4,1,1,4,1,1,1,4,1,4,1,4,1,1,1,1,4,4,1,1,1,4,4,4,1,1,4,4,4,1,4,4,1,1,1,4,1,4,4,1,1,4,4,1,1,1,1,4,4,4,1,1,4,1,4,4,1,1,1,4,1,4,4,4,1,1,4,4,1,1,1,4,4,1,4,4,4,4,1,4,1,1,1,1,1,4,1,1,1,1,1,1,4,1,1,4,1,4,4,4,1,4,1,4,4,1,4,4,4,1,4,4,1,1,1,1,4
SYR,39,1,4,1,1,1,1,1,1,1,1,1,1,1,1,1,1,1,4,1,1,1,1,1,1,1,1,1,1,1,1,1,1,1,1,1,1,1,1,1,1,1,1,1,1,1,1,1,1,4,1,1,1,1,1,1,1,1,1,1,1,1,1,1,1,1,1,1,1,1,1,1,1,1,1,1,1,1,1,1,1,1,1,1,1,1,4,1,1,1,1,1,1,1,1,1,4,1,1,4,1,1,1,1,1,1,1,1,1,4,1,1,1,1,1,1,1,1,1,1,4,1,1,1,1,1,1,1,1,1,1,1,1,1,1,1,1,4,1,1,1,1,1,1,1,1,1,1,4,1,1,1,1,1,4,1,1,4,1,1,1,1,1,1,1,1,1,1,1,1,5,1,1,1,1,1,1,1,4,1,1,1,1,1,1,1,1,1,1,1,1,1,1,1,1,1,4,1,1,1,89
TWN,131,4,3,1,1,1,1,1,1,4,4,1,1,1,1,4,3,4,3,1,1,4,1,1,1,1,1,1,4,4,1,1,1,4,1,4,1,1,3,1,1,1,4,4,4,1,4,3,4,1,3,4,1,1,4,1,4,1,1,4,1,4,1,1,1,1,1,1,4,4,1,1,3,4,4,4,4,1,4,4,1,1,1,4,4,1,1,4,1,1,1,3,1,4,1,4,3,1,1,1,4,4,1,1,1,4,4,4,1,1,4,1,3,1,4,4,1,1,1,2,1,4,3,1,1,1,4,1,1,1,1,4,4,4,1,4,4,3,3,3,1,4,1,4,1,4,4,4,3,1,4,1,4,1,3,3,1,1,4,4,4,4,1,4,1,1,1,1,1,1,1,4,1,1,4,1,1,1,1,1,2,1,4,5,1,1,1,4,1,1,4,4,1,1,1,1,1,1,1,1,28
TJK,66,2,2,3,3,3,4,3,2,2,2,4,3,3,3,2,3,2,2,3,3,2,3,2,3,3,3,4,3,2,3,3,3,2,3,2,3,3,3,3,2,3,2,2,2,3,2,3,3,2,3,2,2,3,2,3,2,3,3,2,3,2,3,4,3,3,3,3,2,3,3,3,3,3,2,3,2,2,2,2,3,3,3,2,2,3,2,2,3,4,3,3,3,3,3,2,2,4,3,2,3,2,3,3,3,2,2,2,3,2,2,4,3,3,3,3,3,3,2,3,3,2,3,3,3,2,2,3,3,3,3,3,2,2,3,3,2,2,3,3,3,2,3,2,3,2,3,3,2,3,2,3,4,3,2,3,3,3,2,2,2,2,3,3,3,3,3,3,3,3,3,3,3,3,2,5,3,2,2,3,2,3,3,3,3,4,3,2,3,4,2,3,2,2,3,3,2,2,3,3,69
TZA,74,2,2,3,4,2,2,2,2,2,2,3,2,4,3,2,2,2,2,2,2,4,2,2,4,2,4,2,4,2,2,2,2,2,2,2,2,2,2,2,2,2,4,2,2,3,2,4,2,2,2,2,2,3,2,3,2,2,2,2,2,2,4,3,4,4,2,3,2,2,2,4,4,2,2,2,2,2,2,2,2,3,3,2,2,4,2,2,4,3,2,4,2,4,2,2,2,3,2,3,4,2,3,2,4,2,2,2,2,2,2,2,2,4,2,2,3,2,2,4,3,4,4,2,4,2,4,4,4,3,3,2,2,2,2,4,2,2,2,2,4,2,3,2,3,2,2,2,2,2,4,2,2,4,2,4,4,2,2,4,2,2,3,2,3,3,2,2,2,2,3,4,3,2,2,3,2,3,2,4,2,4,4,2,5,2,4,2,2,3,2,4,2,2,4,4,3,4,4,4,62
THA,87,4,4,1,1,1,1,1,4,4,4,1,1,1,1,4,1,2,4,1,1,4,1,4,1,2,1,1,1,4,1,1,1,4,1,4,1,2,1,1,1,1,2,4,4,1,4,1,1,1,1,4,1,1,4,2,4,2,1,4,1,4,1,2,1,1,1,1,4,1,1,1,4,1,1,1,4,4,4,4,2,1,1,4,4,1,1,4,1,1,4,1,1,1,1,4,4,2,4,1,1,4,1,1,1,4,4,4,1,1,4,1,1,1,1,1,1,4,4,4,1,2,4,4,1,2,4,1,1,1,1,1,4,4,1,2,4,4,1,4,2,4,1,4,1,4,1,1,4,1,2,1,4,1,2,1,1,1,4,4,4,4,1,4,1,1,1,1,1,1,1,1,1,1,5,1,1,1,1,1,4,1,1,2,1,4,1,4,1,2,1,1,1,4,2,1,1,4,1,1,51
TLS,99,2,2,2,2,2,2,2,2,4,2,2,2,2,2,4,2,4,2,2,2,2,2,2,2,2,2,2,2,2,2,2,2,4,2,2,2,2,2,2,2,2,4,4,4,2,4,2,2,2,2,4,2,2,4,2,4,2,2,4,2,2,2,2,2,2,2,2,4,2,2,2,2,2,4,2,4,2,2,2,2,2,2,4,4,2,2,2,2,2,2,2,2,2,2,2,2,2,2,2,2,4,2,2,2,4,4,4,2,2,2,2,2,2,2,2,2,2,2,2,2,4,2,2,2,2,2,2,2,2,2,2,4,4,2,2,2,2,2,2,2,2,2,4,2,4,2,2,2,2,4,2,2,2,2,2,2,2,4,2,4,4,2,2,2,2,2,2,2,2,2,2,2,2,2,2,5,2,2,2,2,2,2,2,2,2,2,2,2,2,2,2,2,2,2,2,2,2,2,2,43
TGO,60,2,2,2,2,2,2,2,2,2,2,2,2,2,2,2,4,2,2,2,4,2,2,2,2,2,2,2,2,2,2,2,2,2,4,2,2,2,2,2,2,4,2,2,2,2,2,2,2,2,2,2,2,2,2,2,2,2,2,2,2,2,2,2,4,4,4,2,2,2,4,2,2,2,2,2,2,2,2,2,2,2,2,2,2,2,2,2,2,2,2,2,2,2,2,2,2,2,2,2,2,2,2,4,2,2,2,2,2,2,2,2,2,2,2,2,4,2,2,2,1,2,2,2,2,2,2,2,2,4,4,2,2,2,2,2,2,2,2,2,2,2,2,2,2,2,2,2,2,2,2,2,2,2,2,2,2,2,2,2,2,2,4,2,4,2,2,2,2,2,2,2,2,5,2,2,2,2,2,2,2,2,2,2,2,2,2,2,2,2,2,2,2,2,2,2,2,2,2,2,74
TON,121,1,4,1,1,1,1,1,1,4,2,1,1,2,1,4,1,4,1,1,1,2,1,2,2,1,1,1,1,2,1,1,1,4,1,1,1,2,1,1,1,1,4,4,4,1,4,2,1,1,1,4,1,1,4,1,4,2,2,4,1,2,1,1,1,1,1,1,4,1,1,1,2,1,4,1,4,1,2,2,1,1,1,4,4,1,1,2,1,1,1,2,1,2,1,2,1,1,1,1,2,4,1,1,1,4,4,4,1,1,2,1,1,1,2,1,1,1,1,2,1,4,1,1,1,1,2,1,1,1,1,1,4,4,1,2,2,1,1,1,2,1,1,4,1,4,2,1,1,1,4,1,2,1,1,2,2,1,4,2,4,4,1,1,1,1,1,1,1,1,1,1,1,1,1,1,1,1,1,5,2,1,2,1,1,2,1,2,1,1,1,2,1,1,2,2,1,1,1,1,35
TTO,136,1,1,1,4,4,1,1,4,4,2,1,4,4,4,4,1,4,1,1,1,4,1,4,4,1,4,1,4,4,1,1,1,4,1,4,1,1,4,4,4,1,4,4,4,1,4,4,4,1,4,4,1,1,4,1,4,1,1,4,1,4,4,1,4,4,1,1,4,4,1,4,4,4,4,1,4,1,4,4,4,1,1,4,4,4,1,4,4,1,1,4,1,4,1,4,1,1,1,1,4,4,1,1,4,4,4,4,1,1,1,1,4,1,1,1,1,1,1,1,1,4,4,4,4,4,4,1,4,1,1,4,4,4,1,4,2,1,4,4,1,2,4,4,1,4,1,1,1,1,4,4,4,1,1,4,4,1,4,4,4,4,4,1,1,1,4,1,1,4,1,4,1,1,1,1,1,1,1,4,4,5,4,1,1,1,1,4,4,1,1,4,1,1,4,4,1,4,4,4,24
TUN,74,4,4,1,4,1,1,4,4,4,4,1,4,4,1,4,4,4,4,1,4,4,1,4,1,1,1,1,1,4,1,1,1,4,4,4,1,4,1,4,1,4,1,4,4,1,4,1,1,4,1,4,1,1,4,1,4,4,1,4,4,4,1,1,1,4,4,4,4,1,4,1,4,4,4,1,4,1,4,1,4,1,1,4,4,1,4,4,1,1,1,4,4,4,1,4,4,1,1,1,4,4,1,1,1,4,4,4,4,4,4,4,4,1,1,4,4,1,1,1,4,4,4,4,1,4,4,1,4,4,1,1,4,4,1,1,4,4,1,1,1,1,1,4,1,4,1,1,4,1,4,4,4,1,4,1,4,1,4,4,4,4,1,4,4,1,1,1,1,1,1,1,1,1,1,1,1,1,5,1,4,1,1,1,1,1,1,4,1,1,4,1,1,1,1,1,1,4,1,1,62
TUR,119,4,3,3,3,4,3,3,4,3,3,4,4,3,3,3,3,4,3,3,3,4,4,4,3,3,3,4,4,3,3,3,3,4,3,4,3,3,4,4,1,3,3,4,4,3,4,3,3,3,4,4,1,3,3,3,4,3,3,4,3,3,3,4,1,3,1,3,4,4,3,3,4,4,3,3,4,3,3,4,3,3,4,4,4,3,4,4,3,4,3,3,3,4,1,4,4,4,1,4,3,4,3,3,3,4,4,4,3,4,4,4,4,3,3,4,3,3,4,4,3,3,3,3,3,3,4,3,3,3,3,4,3,3,3,3,4,3,4,4,3,3,3,3,1,3,3,4,4,4,4,4,4,3,3,3,4,3,4,4,4,4,3,4,3,3,3,3,3,4,3,3,3,3,4,4,3,4,4,1,5,4,3,3,3,4,3,3,4,4,4,3,4,3,3,3,3,3,3,3,37
TKM,60,1,1,1,1,1,1,1,1,1,1,1,1,1,1,1,1,1,1,1,1,1,1,1,1,1,1,1,1,1,1,1,1,1,1,1,1,1,1,1,1,1,1,1,1,1,1,1,1,1,1,1,1,1,1,1,1,1,1,1,1,1,1,4,1,1,1,1,1,1,1,1,1,1,1,1,1,1,1,1,1,1,1,1,1,1,1,1,1,1,1,1,1,1,1,1,1,1,1,1,1,1,1,1,1,1,1,1,1,1,1,1,1,1,1,1,1,1,1,1,1,1,1,1,1,1,1,1,1,1,1,1,1,1,1,1,1,1,1,1,1,1,1,1,1,1,1,1,1,1,1,1,1,1,1,1,1,1,1,1,1,1,1,1,1,1,1,1,1,1,1,1,1,1,1,1,1,5,1,1,1,1,1,1,1,1,1,1,1,1,1,1,1,1,1,1,1,1,1,1,74
TUV,124,2,2,2,2,2,2,2,2,4,2,2,2,2,2,4,2,4,2,2,2,2,2,2,2,2,2,2,2,2,2,2,2,4,2,2,2,2,2,2,2,2,4,4,4,2,4,2,2,2,2,4,2,2,4,2,4,2,2,4,2,2,2,2,2,2,2,2,4,2,2,2,2,2,4,2,4,2,2,2,2,2,2,4,4,2,2,2,2,2,2,2,2,2,2,2,2,2,2,2,2,4,2,2,2,4,4,4,2,2,2,2,2,2,2,2,2,2,2,2,2,4,2,2,2,2,2,2,2,2,2,2,4,4,2,2,2,2,2,2,2,2,2,4,2,4,2,2,2,2,4,2,2,2,2,2,2,2,4,2,4,4,2,2,2,2,2,2,2,2,2,2,2,2,2,2,2,2,2,2,2,2,5,4,2,2,2,2,2,2,2,2,2,2,2,2,2,2,2,2,33
UGA,72,2,2,2,4,2,2,4,2,2,2,2,2,4,2,2,2,2,2,4,2,2,2,2,4,2,2,2,4,2,2,2,2,2,2,2,2,2,2,2,2,2,4,2,2,2,2,2,2,2,2,2,2,4,2,2,2,4,2,2,2,2,4,2,4,4,2,2,2,2,2,2,4,2,2,2,2,2,2,2,2,2,2,2,2,4,2,2,4,2,2,2,4,2,2,2,2,2,2,2,2,2,2,2,4,2,2,2,2,2,2,2,2,4,2,2,2,2,2,2,2,4,4,2,4,2,2,2,2,2,2,2,2,2,2,2,2,2,2,2,2,2,2,2,2,2,2,2,2,2,2,2,2,4,2,4,4,2,2,4,2,2,4,2,2,3,2,2,2,2,2,4,2,2,2,2,2,2,2,4,2,2,2,2,4,2,5,2,2,2,2,4,2,2,4,2,2,2,4,4,64
UKR,135,4,4,1,4,4,4,1,4,4,3,4,4,3,1,4,1,4,3,1,1,4,3,4,3,3,1,4,3,4,1,1,1,4,1,4,1,3,3,3,1,1,4,4,4,1,4,3,3,1,3,4,1,1,4,1,4,3,3,4,1,4,3,4,1,1,1,1,4,3,1,1,4,3,4,3,4,3,4,4,1,1,1,4,4,3,1,4,1,4,3,3,1,4,1,4,3,4,3,1,3,4,1,1,1,4,4,4,1,1,4,4,4,1,3,4,1,3,4,3,1,4,3,3,1,3,3,1,1,1,1,3,4,4,3,3,3,3,4,3,1,1,1,4,1,4,3,4,4,1,4,4,4,1,3,3,3,1,4,3,4,4,1,4,1,1,3,1,1,3,1,1,1,1,3,4,3,1,1,1,4,3,3,3,1,5,1,4,4,4,4,3,1,1,3,3,1,1,1,1,25
ARE,177,2,5,3,3,3,3,3,4,4,2,3,3,4,3,4,3,4,4,3,3,2,3,4,4,3,3,3,3,2,3,3,3,4,3,4,3,2,3,4,3,3,4,4,4,3,4,3,3,3,3,4,3,3,4,3,4,3,3,4,3,2,3,1,3,3,3,3,4,3,3,3,2,4,4,3,4,3,2,3,3,3,3,4,4,3,3,2,3,3,3,3,3,3,3,2,4,2,3,3,3,4,3,4,3,4,4,4,3,3,2,1,4,3,3,3,3,3,2,2,3,4,2,4,3,4,2,3,3,3,3,3,4,4,3,4,2,4,3,3,3,3,3,4,3,4,3,4,3,3,4,4,4,3,4,4,4,3,4,2,4,4,1,2,3,3,3,3,3,4,3,3,3,3,3,3,3,3,3,3,3,3,3,3,3,2,3,2,4,3,2,4,3,3,3,3,3,3,3,3,1
GBR,166,4,1,1,4,1,1,1,4,4,4,1,1,4,1,4,1,4,1,1,1,4,1,4,4,1,4,1,4,4,1,1,1,4,1,4,1,1,1,4,1,1,4,4,4,1,4,4,1,1,1,4,1,1,4,1,4,1,4,4,1,5,4,1,1,1,1,1,4,4,1,1,4,4,4,1,4,1,4,4,1,1,1,4,4,1,1,4,1,1,1,4,1,4,1,4,2,1,1,1,4,4,1,1,1,4,4,4,1,1,4,1,1,1,4,1,1,1,1,4,1,4,4,4,1,4,4,1,4,1,1,4,4,4,1,4,4,1,4,1,4,1,1,4,1,4,4,4,1,1,4,1,1,1,1,4,4,1,4,4,4,4,1,4,1,1,1,1,1,4,1,1,1,1,1,1,4,1,1,4,1,4,4,4,1,1,1,4,4,1,4,4,1,1,4,4,1,1,1,1,5
USA,168,3,1,1,1,1,1,1,1,3,3,1,1,1,1,3,1,1,1,1,1,3,1,1,4,1,1,1,1,4,1,1,1,3,1,3,1,1,1,1,1,1,1,3,3,1,3,1,1,1,1,3,1,1,3,1,3,1,4,3,1,3,1,1,1,1,1,1,3,1,1,1,1,1,1,1,3,1,3,1,1,1,1,3,3,1,1,3,1,1,1,1,1,1,1,3,1,1,1,1,1,3,1,1,1,3,3,3,1,1,3,1,1,1,4,1,1,1,1,1,1,3,1,1,1,1,1,1,1,1,1,1,3,3,1,1,3,1,1,1,1,1,1,1,1,3,4,1,1,1,1,1,1,1,1,1,1,1,3,3,3,3,1,3,1,1,1,1,1,1,1,1,1,1,1,1,1,1,1,1,1,1,1,3,1,1,1,5,1,1,1,1,1,1,1,1,1,1,1,1,3
URY,146,4,4,1,1,1,4,1,4,4,4,1,1,4,1,4,1,4,1,1,1,1,4,4,4,1,1,1,4,4,1,1,1,4,1,4,1,1,4,4,1,1,4,4,4,1,4,4,1,1,4,4,1,1,4,1,4,1,1,4,1,4,4,4,1,1,1,1,4,4,1,4,4,4,4,1,4,1,4,4,1,1,1,4,4,4,1,4,1,1,1,1,1,4,1,4,1,1,1,1,1,4,1,1,1,4,4,4,1,1,4,1,4,1,1,1,1,1,4,4,1,4,1,1,1,4,4,1,1,1,1,4,4,4,1,1,4,1,4,4,1,1,1,4,1,4,1,4,1,1,4,4,4,1,1,1,4,1,4,4,4,4,1,4,1,1,1,1,1,4,1,1,1,1,1,1,1,1,1,1,4,4,1,1,1,4,1,4,5,1,4,4,4,1,1,1,1,4,1,1,18
UZB,66,4,4,3,3,3,4,3,4,4,4,4,4,3,3,4,3,4,3,3,3,4,3,4,3,3,3,4,3,4,3,3,3,4,3,4,3,3,3,3,3,3,4,4,4,3,4,3,3,3,3,4,3,3,4,3,4,3,3,4,3,4,3,4,3,3,3,3,4,3,3,3,3,3,4,3,4,4,4,4,3,3,3,4,4,3,3,4,3,4,3,3,3,3,3,4,3,4,3,3,3,4,3,3,3,4,4,4,3,3,4,4,4,3,3,3,3,3,4,3,3,4,3,3,3,3,4,3,3,3,3,3,4,4,3,3,4,3,3,3,3,3,3,4,3,4,3,3,3,3,4,4,4,3,3,3,3,3,4,4,4,4,3,4,3,3,3,3,3,3,3,3,3,3,3,4,3,3,3,3,4,3,3,3,3,4,3,3,3,5,4,3,3,3,3,3,3,3,3,3,69
VUT,128,4,4,1,4,1,1,1,4,4,4,4,1,4,4,4,1,4,4,1,1,4,1,4,4,1,4,4,4,4,1,1,1,4,1,4,4,4,1,1,4,1,4,4,4,1,4,4,1,1,1,4,1,1,4,1,4,4,4,4,1,4,4,1,4,4,1,1,4,1,1,4,4,1,4,1,4,1,4,4,4,1,1,4,4,4,1,4,4,1,1,4,1,4,1,4,4,1,1,1,4,4,4,1,4,4,4,4,1,4,4,1,1,1,4,1,1,1,1,4,1,4,4,4,4,4,4,4,4,1,4,1,4,4,1,4,4,4,1,4,4,4,4,4,1,4,4,1,4,1,4,4,4,4,4,4,4,1,4,4,4,4,4,4,1,1,1,1,1,1,1,4,1,1,4,1,1,1,4,4,4,4,4,4,4,4,4,4,4,1,4,4,1,1,5,4,1,4,4,4,30
VAT,143,4,4,1,4,4,1,1,4,4,4,1,4,4,1,4,1,4,1,1,1,4,1,4,4,1,1,1,1,4,1,1,1,4,1,4,1,1,4,4,1,1,4,4,4,1,4,4,1,1,1,4,1,1,4,1,4,1,4,4,1,4,4,4,1,1,1,1,4,4,1,1,4,4,4,1,4,1,4,4,1,1,1,4,4,1,1,4,1,1,1,4,1,4,1,4,1,1,1,1,4,4,1,1,1,4,4,4,1,1,4,4,4,1,4,4,1,1,1,4,1,4,4,1,1,4,4,1,1,1,1,4,4,4,1,1,4,1,4,4,1,1,1,4,1,4,4,4,1,1,4,4,1,1,1,4,4,1,4,4,4,4,1,4,1,1,1,1,1,4,1,1,1,1,1,1,4,1,1,4,1,4,4,4,1,4,1,4,4,1,5,4,4,1,4,4,1,1,1,1,19
VEN,129,4,1,1,4,1,1,1,4,4,4,1,1,4,1,4,1,4,1,1,1,1,4,4,1,1,1,4,4,1,1,1,1,4,1,1,1,1,4,4,1,1,4,4,4,1,4,4,1,1,4,4,1,1,4,1,4,1,1,4,1,4,4,1,1,1,1,1,4,1,1,1,4,1,4,1,4,1,4,1,1,1,4,4,4,4,1,4,1,1,1,1,1,4,1,4,1,1,1,1,4,4,1,1,1,4,4,4,1,1,4,1,1,1,1,1,1,1,1,1,1,4,1,1,1,4,4,1,1,1,1,1,4,4,1,1,4,1,1,1,1,1,1,4,4,4,1,4,1,1,4,1,4,1,1,1,1,1,4,1,4,4,1,4,1,1,1,1,1,1,1,1,1,1,1,1,1,1,1,1,4,4,1,1,1,1,1,1,4,1,1,4,5,1,1,1,1,4,1,1,29
VNM,64,3,3,1,1,1,3,1,3,3,3,3,3,1,1,3,1,3,1,1,1,4,1,3,1,1,1,4,1,3,1,1,1,3,1,4,1,3,3,1,3,1,3,3,4,1,4,1,1,1,1,3,1,1,4,1,4,3,3,4,1,4,1,3,1,1,1,1,3,1,1,1,3,1,3,1,3,4,3,1,3,1,1,3,4,1,1,4,1,4,4,1,1,1,1,4,1,3,4,1,1,3,1,1,1,3,3,1,1,1,3,3,3,1,3,3,1,4,3,3,1,3,1,1,1,3,4,1,1,1,1,1,3,4,1,3,3,1,3,3,3,4,1,3,1,3,3,1,3,1,3,3,4,1,1,3,1,1,4,4,3,3,1,3,1,1,1,1,1,1,1,1,1,1,4,1,3,1,1,1,1,1,1,1,1,1,1,3,3,1,1,1,3,5,3,1,1,1,1,1,71
YEM,43,1,2,1,1,1,1,1,1,1,1,1,1,1,1,1,1,1,2,1,1,1,1,1,1,1,1,1,1,1,1,1,1,1,1,1,1,1,1,1,1,1,1,1,1,1,1,1,1,2,1,1,2,1,1,1,1,1,1,1,1,1,1,1,1,1,1,1,1,1,1,1,4,1,1,1,1,1,1,1,1,1,1,1,1,1,2,1,1,1,1,1,1,1,1,1,2,1,1,1,1,1,1,1,1,1,1,1,1,1,1,1,1,1,1,1,1,1,1,1,1,1,1,1,1,1,2,1,1,1,1,1,1,1,1,1,1,2,1,1,1,1,1,1,1,1,1,1,2,1,1,1,1,1,2,1,1,1,1,1,1,1,1,1,1,1,1,1,1,1,2,1,1,1,1,1,1,1,1,1,1,1,1,1,1,1,1,1,1,1,1,1,1,1,1,1,5,1,1,1,87
ZMB,72,2,2,3,4,2,3,4,2,2,2,3,2,4,3,2,3,2,3,2,3,2,2,2,4,2,4,2,4,2,2,3,2,2,3,2,3,3,2,2,2,2,4,2,2,2,2,4,2,3,2,2,3,2,2,3,2,4,2,2,3,2,4,2,2,3,3,3,2,2,3,2,4,2,2,2,2,3,4,2,3,3,3,2,2,4,3,2,4,3,2,4,2,4,3,2,3,2,2,3,4,2,3,3,4,2,2,2,3,3,2,2,4,2,4,2,3,2,2,3,3,4,4,4,4,2,4,4,4,3,3,2,2,2,3,2,2,3,2,2,3,3,3,2,3,2,3,2,3,3,4,4,2,2,3,4,4,3,2,4,2,2,3,2,3,3,2,3,2,2,3,4,3,3,2,3,3,3,3,4,2,4,4,3,4,2,4,2,2,3,2,4,2,2,4,4,3,4,5,4,64
ZWE,70,2,2,3,4,2,2,4,2,2,2,2,2,4,3,2,3,2,2,2,3,2,3,2,4,2,4,2,4,2,4,3,3,2,3,2,3,3,3,2,2,2,4,2,2,3,2,3,2,2,2,2,2,3,2,2,2,4,2,2,3,2,4,2,4,3,3,2,2,2,3,2,4,2,2,2,2,2,2,2,2,3,2,2,2,4,3,2,4,2,3,4,2,4,3,2,2,2,3,3,4,2,3,3,4,2,2,2,3,3,2,2,3,4,2,2,3,3,3,2,3,4,4,4,4,3,4,4,4,3,3,2,2,2,3,4,2,3,2,2,2,3,3,2,2,2,2,2,3,3,2,2,2,2,3,4,4,3,2,4,2,2,3,2,2,3,2,3,2,2,3,4,3,3,3,2,3,2,3,4,2,4,4,3,4,2,4,2,2,2,2,4,2,3,4,4,3,4,4,5,66
DONE,0,0,0,0,0,0,0,0,0,0,0,0,0,0,0,0,0,0,0,0,0,0,0,0,0,0,0,0,0,0,0,0,0,0,0,0,0,0,0,0,0,0,0,0,0,0,0,0,0,0,0,0,0,0,0,0,0,0,0,0,0,0,0,0,0,0,0,0,0,0,0,0,0,0,0,0,0,0,0,0,0,0,0,0,0,0,0,0,0,0,0,0,0,0,0,0,0,0,0,0,0,0,0,0,0,0,0,0,0,0,0,0,0,0,0,0,0,0,0,0,0,0,0,0,0,0,0,0,0,0,0,0,0,0,0,0,0,0,0,0,0,0,0,0,0,0,0,0,0,0,0,0,0,0,0,0,0,0,0,0,0,0,0,0,0,0,0,0,0,0,0,0,0,0,0,0,0,0,0,0,0,0,0,0,0,0,0,0,0,0,0,0,0,0,0,0,0,0,0,0,0
